hash,author,date,category,summary,weekday
663198d7b453ffdbe86d0e0238b1feafde6ce569,David Lord,2026-02-03 18:22:19+00:00,others,update dev dependencies,1
976459f7cb35c8c3abc3a6e6a2728d76d1a0a5f2,David Lord,2026-02-03 18:20:49+00:00,bugfix,fix editable werkzeug,1
5e621a2801daf95be6d208da9dcc287bb251f63c,David Lord,2026-02-03 18:19:45+00:00,others,update domain matching tests for Werkzeug 3.2,1
798e006f435887adceb6aab9b57cde8e20276793,David Lord,2026-01-25 18:38:42+00:00,others,Merge branch 'stable',6
407eb76b27884848383a37c7274654f0271e4bc4,David Lord,2026-01-25 18:35:12+00:00,docs,document using gevent for async (#5900),6
ac5664d2281533eacafd64f5cc7d5edcdaccab60,David Lord,2026-01-25 18:31:31+00:00,docs,document using gevent for async,6
23df07d799f0bed3feb5beb9e5633651687da92b,David Lord,2026-01-25 03:55:36+00:00,others,Merge branch 'stable',6
4b8bde97d4fa3486e18dce21c3c5f75570d50164,David Lord,2026-01-25 03:53:11+00:00,others,deprecate `should_ignore_error` (#5899),6
0292047b22c82921dcf165322d93a0b988328c2e,David Lord,2026-01-25 03:52:11+00:00,others,remove unused ruff check rule,6
c77a5203438fe772d41f6a47303ad3f57a4efe6d,David Lord,2026-01-25 03:50:30+00:00,others,deprecate should_ignore_error,6
9b74a90dd3c47f792734823e8793ac36f38bc4dd,David Lord,2026-01-25 03:11:02+00:00,bugfix,fix codespell findings,6
5880befcd22490c40f3c63d6178427f7753672c1,David Lord,2026-01-25 03:05:26+00:00,others,Merge branch 'stable',6
4f79d5b59a56bc4356a97f2e81a35f98cb18d7b3,David Lord,2026-01-25 03:04:07+00:00,others,Increase required flit_core version to 3.11 (#5865),6
fe3b215d3ade4db68262dae1a3cdc464a1fc524f,Markus Heidelberg,2025-12-17 14:44:15+00:00,others,Increase required flit_core version to 3.11,2
5559ef42b5334075cbde82b2870ca725ac606fa4,David Lord,2026-01-25 03:00:23+00:00,feature,pre-commit: Add codespell (#5844),6
3709c4a9a87e6ce8c26dc4a951e1df52ac9ecad0,David Lord,2026-01-25 02:58:45+00:00,others,update ruff hook and noqa,6
709f83f6a32da8cdaec196d7b785ab6827322008,Christian Clauss,2025-11-05 17:13:26+00:00,feature,pre-commit: Add codespell,2
30da640ffe23b6e461fa91d387ffea6b9d9fa847,ADITYA SAH,2026-01-25 02:46:56+00:00,others,clarify 415 vs 400 errors for request.json (#5827),6
25642fd1fd65985fc98f95e64bc2c7ff353d6c2b,David Lord,2026-01-25 02:25:31+00:00,bugfix,fix annotation for select_jinja_autoescape (#5808),6
809d5a8869d4ffe8656680b2438b10f7c8845613,David Lord,2026-01-25 01:18:35+00:00,others,redirect defaults to 303 (#5898),6
eca5fd1dfdc614c2df876cc32018a7d71f84ea82,David Lord,2026-01-25 00:50:54+00:00,others,redirect defaults to 303,6
eb58d862cc4a8f31a369b6e9ad1724e9e642f13f,David Lord,2026-01-25 01:15:54+00:00,others,Merge branch 'stable',6
64dd0809c2fc732ed30539235232a268f9bd96ac,David Lord,2026-01-25 01:14:20+00:00,others,update dev dependencies,6
97bddc1f61a59522386d36ec37b2b220a01de262,David Lord,2026-01-05 16:49:46+00:00,others,update dev dependencies,0
ad68a12645d96fe51558da13e18544ba458d7af0,David Lord,2025-11-28 19:05:47+00:00,others,drop experimental 3.13t test env,4
2579ce9f18e67ec3213c6eceb5240310ccd46af8,David Lord,2025-11-17 18:05:51+00:00,others,Merge branch 'stable',0
607d1948b8747776f4a45d5b7c7eaeb57b6b9f80,David Lord,2025-11-17 18:05:39+00:00,others,split free threading envs,0
218880c7fdedee139ac09caaf93da469b4dba14c,David Lord,2025-11-17 18:03:42+00:00,others,Merge branch 'stable',0
917000097fc17875104176e2c71318ab25c508c3,David Lord,2025-11-17 18:02:53+00:00,others,test py3.14,0
96a01e420b741c59af59301f15612fde39bfb39d,David Lord,2025-11-17 17:45:56+00:00,others,Merge branch 'stable',0
da6d075dfde71b2e2a64f39b29ba957d5ffb00b0,David Lord,2025-11-17 17:43:40+00:00,others,update dev dependencies,0
70d04b5a2620705011e65f79ccfd52caa86f5d6a,David Lord,2025-11-17 16:49:53+00:00,others,pass context through dispatch methods (#5818),0
88a65bb374e87a18816a780dbd4ae69d307aa85c,Hynek Schlawack,2025-10-14 20:26:26+00:00,bugfix,Docs typo/markup fixes (#5829),1
6a64969009bf1898bd302e6a9633f71942523f7f,David Lord,2025-09-19 23:58:48+00:00,others,pass context through dispatch methods,4
adf363679da2d9a5ddc564bb2da563c7ca083916,David Lord,2025-09-19 23:45:27+00:00,others,merge app and request context (#5812),4
c2705ffd9ce1dc8476cb29eaf5ff5d4c719852d9,David Lord,2025-09-12 21:52:03+00:00,others,merge app and request context,4
dbd4c2882593f6118103120aa96fa9acdf7deedb,subhajitsaha01,2025-09-06 16:31:22+00:00,others,Changed the static annotated type of select_jinja_autoescape method in src/flask/sansio/app.py,5
330123258e8c3dc391cbe55ab1ed94891ca83af3,David Lord,2025-08-19 21:09:56+00:00,others,Merge branch 'stable',1
85793d6c223dd845e8f218403a5ced83041d37e1,David Lord,2025-08-19 21:03:43+00:00,others,release version 3.1.2 (#5800),1
2c1b30d0503cfb064f1cb252e6614a06915a362a,David Lord,2025-08-19 20:42:11+00:00,others,release version 3.1.2,1
1292419ddfc6a14fc7f85b5ed7efcc2d215f1ad3,David Lord,2025-08-19 20:56:49+00:00,others,Update GitHub Actions workflow for artifact handling (#5795),1
4dd52ca9c768c9b6d04180f0547d6f4b6e34f211,Grant Birkinbine,2025-08-07 04:44:28+00:00,others,Update GitHub Actions workflow for artifact handling,3
55c62556571ee46a94da174643b50ece06edead4,David Lord,2025-08-19 20:41:24+00:00,others,update dev dependencies,1
ed1c9e953e2d67c0994e32e6c8d878291e36d4f7,David Lord,2025-08-19 19:36:00+00:00,feature,support call template_filter without parens (#5736),1
edebd3704437f19b5b137eaffe97130fe817d144,David Lord,2025-08-19 19:29:47+00:00,docs,"rewrite docs, clean up typing for template decorators",1
daf1510a4bda652ac2cfca03ec5567b03ddf8bf1,kadai0308,2025-05-17 04:17:18+00:00,others,use template_filter without parens,5
d8259eb11900285af9b80b0fa47f841174c054e3,David Lord,2025-08-19 17:43:16+00:00,others,use Jinja name consistently,1
38b4c1e19b50494cfcdc9332899e09b7fed34979,David Lord,2025-08-19 15:23:51+00:00,refactor,refactor stream_with_context for async views (#5799),1
9822a0351574790cb66c652fcc396ad7aa2b09d8,David Lord,2025-08-19 15:18:55+00:00,refactor,refactor stream_with_context for async views,1
49b7e7bc8fb69d605719991d1c0a99fcee689053,David Lord,2025-08-18 18:44:57+00:00,docs,security docs for TRUSTED_HOSTS (#5798),0
b228ca3d87745b746d904a2108429617a814ffda,David Lord,2025-08-18 18:42:48+00:00,docs,security docs for TRUSTED_HOSTS,0
ff64079a516c269f171ababf3d92b86886a62ffd,David Lord,2025-08-18 17:51:12+00:00,others,update flask-talisman link,0
1dfd7cd5555d9e62a2e198a131c366242e724b35,David Lord,2025-08-18 17:26:12+00:00,others,use IO[bytes] instead of BinaryIO for wider compatibility (#5777),0
d44f1c65239c3e33509224aa1931631243dbfa7f,Tero Vuotila,2025-07-16 09:21:50+00:00,others,relax type hint for bytes io,2
c56c5ec7c41e6ffd02516bf7cb80dd2ba9ba7aa3,David Lord,2025-08-18 17:20:06+00:00,bugfix,Docs: Fix escaping in HTML escaping example (#5742),0
0f83958247e9eab1c7f62903601dfd5fe10c640f,Badhreesh,2025-05-21 18:35:11+00:00,others,demonstrate escaping with query string,2
7fea7cf15688b2a2712b01c45c9e3385ea382e67,David Lord,2025-08-18 17:08:07+00:00,others,Update macOS UI reference to “System Settings” (#5723),0
24824ff666e096c4c07d0b75a889088571afe4a6,David Lord,2025-08-18 16:56:39+00:00,others,push preserved contexts in correct order (#5797),0
53b8f08218796d95764c5252bccd8a50a173a6fb,David Lord,2025-08-18 16:41:03+00:00,others,push preserved contexts in correct order,0
5addaf833b2e8c7a616f89dd8ad5a44b07d7c000,David Lord,2025-08-18 16:42:21+00:00,others,start version 3.1.2,0
85c5d93cbd049c4bd0679c36fd1ddcae8c37b642,David Lord,2025-06-12 20:48:07+00:00,others,Merge branch 'stable',3
85cc71046475f9cb3efd17d496356795961249f9,David Lord,2025-06-12 20:46:49+00:00,others,svg logo,3
284273e3c5d8005bbb4b43c4d934409a5215886e,David Lord,2025-06-10 20:18:26+00:00,others,Merge branch 'stable',1
f17d9869489aea57d3fa05d5a3f1504fcf8e588c,David Lord,2025-06-10 20:18:15+00:00,refactor,cleanup svg,1
d6009c0aeb3c7fe3a841733e9dbdfbbb63b9bfd1,David Lord,2025-06-10 04:20:46+00:00,others,Merge branch 'stable',1
2b42a803a25e56a3a0e2af939ee5be4dcc3f29c8,David Lord,2025-06-10 04:20:36+00:00,refactor,cleanup svg,1
211cce038ab6354a15a76b2c7f98fa98bfc9e6a3,David Lord,2025-06-09 21:33:44+00:00,others,Merge branch 'stable',0
a7b67c99f922f26b1071a90994e14261dc0a6df2,David Lord,2025-06-09 21:33:26+00:00,others,svg logo (#5757),0
a758915893352f5986c6ee101cdf7e3b7a64fa28,David Lord,2025-06-09 21:31:31+00:00,others,svg logo,0
e9741288637e0d9abe95311247b4842a017f7d5c,David Lord,2025-06-08 16:54:32+00:00,others,Merge branch 'stable',6
f04c5e696400badaa52b3450ded53e9091c2078a,David Lord,2025-06-08 16:52:11+00:00,others,update dev dependencies,6
c07b201ce336c3e49ae3b6fa81aaf4fb871d90ba,David Lord,2025-06-08 16:47:45+00:00,others,Merge pull request #5754,6
adeea0070700671230733879846417c80f4e62b1,David Lord,2025-06-08 16:43:05+00:00,others,remove slsa provenance,6
7bf3be8dfa5832ef03a3fd8f07f6736e770440e4,abhiram kamini,2025-05-01 15:40:57+00:00,others,Update server.rst,3
a42c4d54a3e5cd56c0700479ede75157a748acd6,David Lord,2025-05-20 16:30:04+00:00,bugfix,Fix global CONTRIBUTING link (#5737),1
184ec3c5453e1156372085df35e8d922ce7e3559,AJ Jordan,2025-05-18 15:11:00+00:00,bugfix,Fix global CONTRIBUTING link,6
a5f9742398c9429ef84ac8a57b0f3eb418394d9e,David Lord,2025-05-13 15:35:41+00:00,others,drop end of life python versions (#5731),1
52df9eed45d0b19c588662ed8492d8fbaa0e7098,David Lord,2025-05-13 15:31:54+00:00,others,drop end of life python versions,1
e7e53807766ef1470bce546716a675ded4b08597,David Lord,2025-05-13 15:10:30+00:00,others,Merge branch 'stable',1
bbaf13333fd00644313488243cfe547b13dcae78,David Lord,2025-05-13 15:09:39+00:00,bugfix,fix syntax,1
57e72869486e89b45f6fd0a07cdd0adf80f5db1b,David Lord,2025-05-13 15:01:42+00:00,others,release version 3.1.1 (#5730),1
7fff56f5172c48b6f3aedf17ee14ef5c2533dfd1,David Lord,2025-05-13 14:51:12+00:00,others,release version 3.1.1,1
73d6504063bfa00666a92b07a28aaf906c532f09,David Lord,2025-05-13 14:46:54+00:00,others,Merge commit from fork,1
cbb6c36692f7d882e9026597624c0eb38e01f9cb,David Lord,2025-03-29 23:18:43+00:00,docs,update docs about fallback order,5
fb54159861708558b5f5658ebdc14709d984361c,James Addison,2025-03-10 16:34:12+00:00,bugfix,secret key rotation: fix key list ordering,0
bc143499cf1137a271a7cf75bdd3e16e43ede2f0,David Lord,2025-05-12 01:08:43+00:00,others,Merge branch 'stable',0
941efd4a36ed0f27e13758874f95e3aa1d3ee163,David Lord,2025-05-12 01:04:35+00:00,others,use uv (#5727),0
0109e496f6ca68de29480fe6413e81b1d3f86aa9,David Lord,2025-05-12 00:45:03+00:00,others,use uv,0
11c45eeba3b5bcf06b84f4e864862f1019a3faa3,David Lord,2025-05-11 12:58:48+00:00,others,update dev dependencies,6
b78b5a210bde49e7e04b62a2a4f453ca10e0048c,David Lord,2025-03-30 20:17:17+00:00,others,Merge branch 'stable',6
e7851665071cb93b3c70b1e7103f82d1e6d01f5d,David Lord,2025-03-30 20:15:54+00:00,others,Async Iterable Response (#5659),6
410e5ab7ed0ef326fa8b5164a633863f137ffff5,CoolCat467,2024-11-18 18:55:14+00:00,others,Accept `AsyncIterable` for responses,0
bfffe87d4c2ea255b9a51432bebb3d28741245c4,David Lord,2025-03-29 22:57:16+00:00,feature,add ghsa links,5
73ce26c3e822cdc2ccf99625619a50c91f163f8d,David Lord,2025-03-29 22:45:11+00:00,others,remove tests about deprecated pkgutil.get_loader (#5702),5
41ec5760a2c55a099c3a1733fdd36fbb1258a02b,David Lord,2025-03-29 22:42:58+00:00,others,remove tests about deprecated pkgutil.get_loader,5
2732c4db66763462c2795d2287b61d4f77031342,David Lord,2025-03-29 22:32:28+00:00,feature,add endpoint name in favicon example (#5701),5
c94d2a77db0102a7cf8ceec7804f366f180c373f,David Lord,2025-03-29 22:30:56+00:00,feature,add endpoint name in favicon example,5
315ebc11765ed3b9da8b5271602e89a403376c24,David Lord,2025-03-29 22:28:27+00:00,others,better type checking during deprecation (#5700),5
7d5d1874581209f66ad7bcdfb7f85b2b9a7ca471,David Lord,2025-03-29 22:23:34+00:00,others,better type checking during deprecation,5
c7c8dc38ea2890d62b7aaff7e4c016e4b98101b0,David Lord,2025-03-29 22:17:48+00:00,docs,Remove HTTP Public Key Pinning from docs (#5695),5
2ae36c8dd5c9d24578d9fca85f8c351290d0de04,black,2025-03-24 09:42:52+00:00,docs,Remove HTTP Public Key Pinning from docs,0
5ea0ab8ea21b0c11ee6098e6b052463687af602a,David Lord,2025-03-29 22:15:04+00:00,others,Handle help arg by itself the same as no args (#5674),5
da600394865c06a4772c433c1a560453dcf4f868,George Waters,2025-01-30 03:22:52+00:00,others,Handle help arg by itself the same as no args,3
08c480b3b31e896698bb773069026a61eb53d158,David Lord,2025-03-29 22:10:55+00:00,docs,Update app factory docs (#5671),5
f51a23839aa55aee2f2a9196c344df6eecd854d7,kotvkvante,2025-01-25 22:12:11+00:00,bugfix,fix bash cli syntax error and app name,5
04b070fa26b346b48bd66d317e72de75e001a2e7,David Lord,2025-03-29 21:49:06+00:00,bugfix,Fix typo in the docs (#5650),5
75a8327cfd6eb912e469a8a613151d7ee50a1c1c,zhuangzhuang,2024-11-27 10:14:18+00:00,others,Update mongoengine.rst,2
165af0a090e229e94ccd93896efc15b9fe0488da,David Lord,2025-03-29 21:44:59+00:00,others,update dev dependencies,5
235c52fa10094135746d04a5b6a7bea8125357f0,David Lord,2025-03-29 21:37:13+00:00,bugfix,fix rtd build,5
f61172b8dd3f962d33f25c50b2f5405e90ceffa5,David Lord,2025-01-05 17:10:00+00:00,others,Merge branch 'stable',6
959052fb8d49c4473f6d8a928d745ae7c38c7e95,David Lord,2025-01-05 17:02:41+00:00,others,use global contributing guide,6
5b525e97970b1b9706b4415de79abfe33e5955fc,David Lord,2025-01-05 17:01:49+00:00,others,markdown formatting,6
60a11a730e8aa2450115385798ab8710804c6409,David Lord,2025-01-05 17:02:41+00:00,others,use global contributing guide,6
6b361ce06b08454329286214072139228e8c2f33,David Lord,2025-01-05 17:01:49+00:00,others,markdown formatting,6
6b054f8f3876ff4c31580b014d344c4cf491059d,David Lord,2024-11-24 01:54:29+00:00,others,Merge branch 'stable',6
f2674c5bb4f7a79f836069859a346b81771eeee5,David Lord,2024-11-24 01:52:56+00:00,bugfix,fix type hint for `cli_runner.invoke` (#5647),6
54c3f87af9f6c0d6622cec2c3d9695b0229fb8fa,kurtatter,2024-11-23 00:23:09+00:00,bugfix,fix type hint for `cli_runner.invoke`,5
ea08f155d8d37d515559534bbe0f80ef5185466c,David Lord,2024-11-24 00:06:37+00:00,others,update `__version__` deprecation (#5649),6
b394a994e6d632643d0061e0e67772f076925951,David Lord,2024-11-24 00:03:47+00:00,others,update `__version__` deprecation,6
dcbe86bd1577bad9a1356acca5fced7d3fb3a0c3,David Lord,2024-11-24 00:01:16+00:00,others,start version 3.1.1,6
d5b7a05ab2a053c617149cfd4f7e3379bfd279e5,David Lord,2024-11-23 23:59:30+00:00,others,remove previously deprecated code (#5648),5
d22bfcd4cfe3b93daddfce8521f77447ca8d6b84,David Lord,2024-11-23 23:41:36+00:00,others,remove previously deprecated code,5
4fec712f329ceecd38729af6404a2c32aed83648,David Lord,2024-11-23 23:33:38+00:00,others,start version 3.2.0,5
18ffe1eaf6c2eeffc898f4e8a590c062c40b30dc,David Lord,2024-11-21 03:37:06+00:00,feature,add gettext config for docs,3
bc098406af9537aacc436cb2ea777fbc9ff4c5aa,David Lord,2024-11-13 18:27:38+00:00,others,release version 3.1.0 (#5640),2
ab8149664182b662453a563161aa89013c806dc9,David Lord,2024-11-13 16:43:28+00:00,others,release version 3.1.0,2
70602a196a6da90eb0d34cdfe5d4d16a99606279,David Lord,2024-11-13 17:23:24+00:00,others,remove test pypi,2
6748a09341deeac16acb33996df95a31fae0c545,David Lord,2024-11-13 16:48:10+00:00,others,update dev dependencies,2
22c48a738b5fb5b5cf09fb77270139f116069748,David Lord,2024-11-13 16:43:48+00:00,others,Merge remote-tracking branch 'origin/stable',2
2eab96a32a92ceb4b6947102626f896816a0291d,David Lord,2024-11-13 16:27:11+00:00,others,use generic bases for session (#5638),2
f49dbfd3e451006a485e81ebce030495131c4454,David Lord,2024-11-13 16:22:57+00:00,others,use generic bases for session,2
7b21d43d4c763b874bc86d4c2d69a48ee492dc22,David Lord,2024-11-13 05:03:23+00:00,others,configure and check `request.trusted_hosts` (#5637),2
4f7156f2c3271613b34d04040b502b9d7ae35eb9,David Lord,2024-11-13 04:32:53+00:00,others,configure and check trusted_hosts,2
10bdf61a0f751f3cb000f8f8ac5ac5b4bb535677,David Lord,2024-11-12 18:13:39+00:00,others,setting `SERVER_NAME` does not restrict routing for both `subdomain_matching` and `host_matching` (#5634),1
4995a775df21a206b529403bc30d71795a994fd4,David Lord,2024-11-11 04:13:05+00:00,bugfix,fix subdomain_matching=False behavior,0
07c7d5730a2685ef2281cc635e289685e5c3d478,David Lord,2024-11-08 17:55:00+00:00,others,update min blinker version (#5633),4
470e2b8d17fd0032271b21f1d6775d48c3855a79,David Lord,2024-11-08 17:48:59+00:00,others,update min blinker version,4
a20bcff8dc4e263312cfd74c11e432bfe8c194c1,David Lord,2024-11-08 16:16:04+00:00,others,enable secret key rotation (#5632),4
e13373f838ab34027c5a80e16a6cb8262d41eab7,David Lord,2024-11-08 16:09:01+00:00,others,enable secret key rotation,4
7522c4bcdb10449dc919e0ffbdebb92fe66822b5,David Lord,2024-11-07 19:56:26+00:00,others,update env file precedence (#5630),3
2c3160304278d323da8485057770926d1b582579,David Lord,2024-11-07 19:27:51+00:00,others,update env file precedence,3
6c44dd4bb8e4f2ca5f135f172de4725b2cada155,David,2024-11-06 17:47:57+00:00,docs,update helpers.send_from_directory docstring (#5599),2
98ae71897600a3162f529b1b30c70b8abdf0961b,David Lord,2024-11-02 01:06:34+00:00,bugfix,fix mypy finding,5
c62b03bcfd6e6440f8195e02f4678488e16121ac,David Lord,2024-11-02 01:06:11+00:00,bugfix,fix example and tutorial compatibility and update metadata (#5627),5
a9b99b3489cc24b5bed99fbadbd91f598a5a1420,David Lord,2024-11-02 01:00:39+00:00,others,update example project metadata,5
8aa161a43731795841fa2678d3dff0559cee527e,David Lord,2024-11-02 00:18:52+00:00,feature,add sqlite datetime converter,5
df201ed152b61c439ea1ace179f35b424594ba6c,David Lord,2024-11-01 23:44:17+00:00,bugfix,fix js example test,4
ce08bc704e24c01582052f5c544fae181d08386f,David Lord,2024-11-01 23:26:37+00:00,feature,add SESSION_COOKIE_PARTITIONED config (#5499),4
9efc1ebeeb431769897798cdf8de2c67dcbbc9c0,David Lord,2024-06-10 01:55:22+00:00,feature,add SESSION_COOKIE_PARTITIONED config,0
6f2014d353d514e404c1f40e8f0a24e2bf62b941,David Lord,2024-11-01 20:21:35+00:00,feature,add config and docs for limits (#5626),4
c7a53888a1a514619b0611fd8b7928592f4ed612,David Lord,2024-11-01 20:13:05+00:00,feature,add config and docs for limits,4
62c56e08c43f5eb174d15dd050591cfba9aed548,David Lord,2024-10-31 20:15:29+00:00,others,update minimum dependencies (#5624),3
8f37c82f6144fffc2ed30e49ee81a54702a0f317,David Lord,2024-10-31 20:11:06+00:00,others,update min dependencies,3
39e7208366bcf549fd7a2678a6d815dfe39196c5,David Lord,2024-10-31 20:04:44+00:00,others,update dev dependencies,3
227838c4727ba780e6fb4a7c372ae62357cac4c6,David Lord,2024-10-31 19:59:47+00:00,others,no need for separate requirements-skip folder anymore,3
99ce7ed0e40686ec2583f90bd1cca37a207b4ea7,David Lord,2024-10-31 19:32:10+00:00,feature,drop support for Python 3.8 (#5623),3
1d610e44b396d11113bb6a5d168cc5e996a6dfb9,David Lord,2024-10-31 19:28:46+00:00,feature,drop support for Python 3.8,3
e8b91cd38aadafdf733558bbcea4810fa65bb849,David Lord,2024-10-24 21:54:53+00:00,bugfix,fix pyright type errors (#5620),3
9e831e915fa875423af0c0de8f53a3780055919e,bre-17387639,2024-08-06 22:46:15+00:00,bugfix,fix pyright type errors,1
5e8cb740187c0561b36323dfc8510e58c3066838,David Lord,2024-10-24 20:29:34+00:00,others,update test workflow trigger,3
2778b7c23f37d4f3cfed4cadac4bc9c90e098c50,David Lord,2024-10-24 20:28:57+00:00,others,Merge branch 'stable',3
96800fb673cb7b2d75476096798e701e3e6d26bc,David Lord,2024-10-24 20:28:46+00:00,others,update test workflow trigger,3
8f2bc008ad724a52f3669ecb2de59c98deb69ce1,David Lord,2024-10-24 20:27:52+00:00,others,update dev dependencies,3
9b5549313e98044b89edb7078641d1d729b4a6c2,David Lord,2024-10-23 20:45:17+00:00,others,Merge branch '3.0.x',2
68150d4cafc796dba2b595c320a09222394bfc1a,David Lord,2024-10-22 21:16:56+00:00,bugfix,Fix the issue link in the Flask 3.0.1 Changelog in the send_file argu… (#5618),1
74721b48f0347f19f134f386fab3421e5132fb53,Catarina Bressan,2024-10-22 20:32:02+00:00,bugfix,Fix the issue link in the Flask 3.0.1 Changelog in the send_file argument type entry,1
d273f87a41e72db8ef1387f469ffa1c6eed39730,David Lord,2024-10-18 20:22:45+00:00,others,use python 3.9 to test dev versions (#5615),4
52ccd66735ba1f6e67d06e747d6a641980b788a3,David Lord,2024-10-18 20:19:51+00:00,others,use python 3.9 to test dev versions,4
dffe3034825edc4f84aded013fc9c6590e545ed5,David Lord,2024-10-18 20:04:35+00:00,bugfix,fix mypy findings,4
52c060f718e0f07e9d982d2d97973ead0f4d55ca,David Lord,2024-10-18 19:59:21+00:00,bugfix,Fix typo in the changelog (#5609),4
c5a5576522273ff028018c4e13d1fc4d0260495b,David Lord,2024-10-18 17:03:49+00:00,others,update CHANGES.rst,4
bca18041b055102857a7e8a12f8694fddda9571b,David Lord,2024-10-18 17:03:09+00:00,others,Merge branch '3.0.x',4
b337d210583a3f5f84d0f70b56ae9a82b029dab5,David Lord,2024-10-18 17:02:35+00:00,others,update dev dependencies,4
e63ead4208c1e56723532878728ef9c2eb197b01,Grey Li,2024-09-22 13:42:35+00:00,bugfix,Fix typo in the changelog,6
2fec0b206c6e83ea813ab26597e15c96fab08be7,David Lord,2024-09-01 16:04:14+00:00,others,set up pre-commit lite workflow,6
111e5bd3129deee54ff62b0d13ed7e5739c27108,David Lord,2024-09-01 15:48:02+00:00,others,set up pre-commit lite workflow,6
db49548d7168bba319fdba400bc201528cb1d3cd,David Lord,2024-09-01 15:32:27+00:00,others,set up pre-commit lite workflow,6
f93dd6e826a9bf00bf9e08d9bb3a03abcb1e974c,David Lord,2024-08-24 01:05:21+00:00,others,remove pre-commit.ci update,5
7e5307030743b1f198da38c36f83fd279bad4529,David Lord,2024-08-24 00:20:31+00:00,others,Merge branch '3.0.x',5
c77b099cbb979269d45df06753cadd8abc662e23,David Lord,2024-08-24 00:18:38+00:00,others,remove min python for pip-compile,5
eeb5f95a0f24abc5207159cc922cdda8d779f4f6,David Lord,2024-08-23 23:41:53+00:00,others,Merge branch '3.0.x',4
40b78fa2ea9095197608287de9f0d902d2763b00,David Lord,2024-08-23 23:41:39+00:00,bugfix,fix min python for pip-compile,4
4e6384da325f5c328526b998d199c6f957f90ea8,David Lord,2024-08-23 23:34:57+00:00,others,Merge branch '3.0.x',4
2c5d652493b79eecadd4407f24f2249948bd6ff2,David Lord,2024-08-23 23:33:59+00:00,others,remove unused config,4
176fdfa0002360670f698d3828cfff11f97349f0,David Lord,2024-08-23 23:33:52+00:00,bugfix,fix mypy findings,4
2d31dce8262a68875c177645fa0c7585a45ac447,David Lord,2024-08-23 23:33:40+00:00,others,remove dependabot,4
29a94bd102805eafcea94a185808cd878cd3f5ad,David Lord,2024-08-23 23:33:27+00:00,others,update dev dependencies,4
0f2ae2b9330604247f553f41d310e7c0191275ef,David Lord,2024-08-23 23:32:33+00:00,feature,add gha-update,4
8a6cdf1e2a5efa81c30f6166602064ceefb0a35b,David Lord,2024-08-06 15:31:00+00:00,others,[pre-commit.ci] pre-commit autoupdate (#5541),1
326ad3f43c63f84a69d6d08af276cbdf653efc51,pre-commit-ci[bot],2024-08-05 23:09:19+00:00,others,[pre-commit.ci] pre-commit autoupdate,0
a791997041b94b8a5effebc296cb427fde8e0ee5,David Lord,2024-08-03 14:28:45+00:00,others,Bump the github-actions group with 3 updates (#5539),5
4fe0aebab79a092615f5f86a24b91bac07fb2ef2,dependabot[bot],2024-08-01 15:48:34+00:00,others,Bump the github-actions group with 3 updates,3
a8956feba1e40105e7bc78fa62ce36c58d1c91e1,David Lord,2024-07-11 02:16:46+00:00,feature,Add encoding parameter to open resource (#5526),3
28d5a4d71824ff5823ae310e3fd014b48b33d583,David Lord,2024-07-10 14:37:32+00:00,feature,add encoding parameter to open_resource,2
5353f306fe0c64ffa9e73f256ba3cb200652354d,David Lord,2024-07-11 01:08:49+00:00,others,Update waitress.rst (#5522),3
321bd74b954156553db3dca8f43b45cdd5a88f76,Amirreza A,2024-07-09 10:20:44+00:00,others,Update waitress.rst,1
66af0e55ef6631d05c691707da19d0f1c46921ea,David Lord,2024-07-02 11:17:59+00:00,others,[pre-commit.ci] pre-commit autoupdate (#5517),1
3d357273b50ed9c8ca660f60fde255c26ff7a228,pre-commit-ci[bot],2024-07-02 00:15:33+00:00,others,[pre-commit.ci] pre-commit autoupdate,1
926ab92118006c74a0a33bcb8f770522d007349a,David Lord,2024-07-01 23:14:08+00:00,others,Bump the python-requirements group in /requirements with 5 updates (#5514),0
088b58dbceb09b3234926af8488c016227bd7c0e,David Lord,2024-07-01 19:47:02+00:00,others,Bump the github-actions group with 2 updates (#5516),0
7621b3d96ac2d53846c4df211bc05c5e13420028,dependabot[bot],2024-07-01 15:56:20+00:00,others,Bump the github-actions group with 2 updates,0
e165f3aef4dbede5d7e3f71c336c89a268753ae9,dependabot[bot],2024-07-01 15:28:16+00:00,others,Bump the python-requirements group in /requirements with 5 updates,0
d718ecf6d3dfc4656d262154c59672437c1ea075,pgjones,2024-06-05 12:23:18+00:00,others,Provide a configuration option to control automatic option responses,2
0ce27278d234c13ce00019540ff8e9891542d1f2,David Lord,2024-06-03 22:25:32+00:00,others,[pre-commit.ci] pre-commit autoupdate (#5495),0
07c8f19bfd6128c7cbb9c61c41b43a9eeca1b435,pre-commit-ci[bot],2024-06-03 22:10:27+00:00,others,[pre-commit.ci] pre-commit autoupdate,0
0d2100ed17d24b2a30594729b99feebe76839bc5,David Lord,2024-06-01 16:01:46+00:00,others,Bump actions/checkout from 4.1.4 to 4.1.6 in the github-actions group (#5493),5
e3535f99717bdf3882c0b48bff3e3eb244454e34,dependabot[bot],2024-06-01 15:55:45+00:00,others,Bump actions/checkout from 4.1.4 to 4.1.6 in the github-actions group,5
422e05e28dbae9fdcbca855e6727738f57cfccfe,David Lord,2024-06-01 15:16:45+00:00,others,Bump the python-requirements group in /requirements with 3 updates (#5492),5
f567ab90681235f38bdeaeda004d89e85b8627d9,dependabot[bot],2024-06-01 15:12:17+00:00,others,Bump the python-requirements group in /requirements with 3 updates,5
6d126e1013dd9966dc510612a4b97f8f15fca2c4,David Lord,2024-05-25 18:32:15+00:00,feature,Added python type annotation and return type. (#5485),5
c7da8c2aa3a923fc620ad480a8831a8a0f21ab37,Heisenberg,2024-05-19 20:34:00+00:00,feature,Added python type annotation and return type.,6
bb16048ad74dfd07364226d02ab656f5a5cf6730,David Lord,2024-05-25 18:27:37+00:00,others,Edited variable names in quickstart guide (#5487),5
767ad19b10c64af1fa328383713ea97e23cc0080,Jake Tanis,2024-05-21 23:08:57+00:00,others,Edited variable names in the rendering templates section of the quickstart guide.,1
a2f495b9ff26c84e0ac35dcd957718e2d3f53afe,David Lord,2024-05-25 17:27:04+00:00,docs,`SESSION_COOKIE_DOMAIN` caveat documentation (#5464),5
4a1766c252bac0de1368cc4eaefba1299f77d546,Éloi Rivard,2024-04-15 16:28:25+00:00,docs,document caveats on SESSION_COOKIE_DOMAIN,0
255c8d66af6daff3eaa063ea0819e185d4d1e214,David Lord,2024-05-11 15:40:26+00:00,others,Merge branch '3.0.x',5
bea5876e46144080a06170222396b953a361af48,David Lord,2024-05-11 15:39:30+00:00,others,test with python 3.13 (#5481),5
9101439d7b7e21d5cf8a4a2a3dc92b9980539c6b,David Lord,2024-05-11 15:37:47+00:00,others,test with python 3.13,5
67ed36910ddb974a3e98939c55ba0fde1636e426,David Lord,2024-05-06 22:28:44+00:00,others,[pre-commit.ci] pre-commit autoupdate (#5477),0
4e894892bc0230c46e998b6ea82b5b07b9943a39,pre-commit-ci[bot],2024-05-06 22:05:35+00:00,others,[pre-commit.ci] pre-commit autoupdate,0
d64ecfb244d38b5f31d6dd8f6a9f55731038c093,David Lord,2024-05-06 17:24:44+00:00,others,Bump the python-requirements group across 1 directory with 6 updates (#5476),0
860a25c390eba8e6c089a818b02800dd9d789864,David Lord,2024-05-06 17:23:10+00:00,bugfix,fix mypy finding,0
273123f6b8fc0d871553f707e515816777c60e24,dependabot[bot],2024-05-06 17:19:27+00:00,others,Bump the python-requirements group across 1 directory with 6 updates,0
fc605b575bc454bb89f7f878692970f3bd4b1011,David Lord,2024-05-06 17:17:48+00:00,others,Bump the github-actions group with 2 updates (#5473),0
a936b0c610ba86f542eb3855de2be674a7b9310b,dependabot[bot],2024-05-06 17:16:26+00:00,others,Bump the github-actions group with 2 updates,0
4f42c642036e6fdd915dd492b263c3b887cdb2d9,David Lord,2024-05-06 17:13:35+00:00,others,Merge branch '3.0.x',0
eb1182a10e757b5e76009c69fdf3a88a5afc6840,David Lord,2024-05-06 17:12:32+00:00,bugfix,fix mypy finding,0
a363642a32880114c7944b1017f2f69bd4cc00eb,David Lord,2024-05-06 17:09:58+00:00,bugfix,fix mypy finding with new werkzeug endpoint type,0
57add386c9d3aa5717bb25ed3e216a9538f086fd,David Lord,2024-05-02 12:10:51+00:00,docs,examples/javascript: Update Documentation URL in pyproject.toml (#5475),3
823e279e0dd40d8818a8d58c12a7df22caae1c04,JamesMRamm,2024-05-02 07:57:34+00:00,others,Update pyproject.toml,3
11c15ddfeb6edcb0978d3407ed972ae441013177,David Lord,2024-04-23 23:54:09+00:00,others,Bump the python-requirements group in /requirements with 3 updates (#5468),1
224c639bf9f37b99bc66a879fbbc516f59857967,dependabot[bot],2024-04-23 23:52:58+00:00,others,Bump the python-requirements group in /requirements with 3 updates,1
f48802acbb2d9f29ed3e1bcc5206bd00176cc1e3,David Lord,2024-04-23 23:52:13+00:00,others,Bump the github-actions group across 1 directory with 4 updates (#5470),1
b7278186c4e16c58a4dbd439eedf716146c19f53,dependabot[bot],2024-04-23 23:50:43+00:00,others,Bump the github-actions group across 1 directory with 4 updates,1
ccf125bf30102beedafb3ecef72376bfb6c90a4d,David Lord,2024-04-23 23:49:42+00:00,bugfix,fix mypy findings,1
db0fe9436e9da7f7bd14683542bbf33ba3c6d5e4,David Lord,2024-04-23 23:31:03+00:00,others,unignore upload/download-artifact,1
2c7f57ad5bd19743312eb34ea5fb838a1349474e,David Lord,2024-04-08 22:29:31+00:00,others,Merge branch '3.0.x',0
f958b6500b2aeb8edc578a07f00546becdad4c80,David Lord,2024-04-08 22:28:57+00:00,docs,build docs from scratch each test,0
346d1abaff0270104ffa3a0e8bee7de279a1cee7,David Lord,2024-04-08 22:28:28+00:00,others,remove install and contribute sections,0
19610a9e46e0989054ecd0f6be2fcb981013d8eb,David Lord,2024-04-07 19:29:49+00:00,others,start version 3.1.0,6
aee16df63bbd7f6a7479fcd01b509f5ebaca3a0d,David Lord,2024-04-07 19:28:51+00:00,others,Merge branch '3.0.x',6
61182249cb3ec5c69a2b91928829f33ccca6c7bc,David Lord,2024-04-07 19:27:04+00:00,others,release version 3.0.3 (#5461),6
c12a5d874c5a014495eb2db8a73f40037bc813ac,David Lord,2024-04-07 19:17:41+00:00,others,release version 3.0.3,6
5e22cc9eec0d1da2da706ccf724fde702b30d5f2,David Lord,2024-04-07 19:16:22+00:00,others,Don't set the cli attribute in the sansio scaffold (#5270),6
5fdce4c331ac530280cc941179d364a07f4a1088,pgjones,2023-10-01 15:37:05+00:00,others,Don't set the cli attribute in the sansio scaffold,6
adb7dd99c295a28726c8d818fba54c7b3f958ecc,David Lord,2024-04-07 19:03:19+00:00,others,don't access app.logger when configuring app.logger,6
b73939095564ec5c088c53e7595b00d174a018f5,David Lord,2024-04-07 18:42:24+00:00,feature,support FIPS builds without SHA-1 (#5460),6
db461112c70d5f2bf93c7a6ac27eeb665c232dd0,David Lord,2024-04-07 18:30:30+00:00,others,access sha1 lazily,6
7320e311a0a3f190351173f8be90cab31dadbf73,David Lord,2024-04-07 18:22:02+00:00,others,start version 3.0.3,6
a85575601758b3fd8d1379aa2e16bf1c24ab06f3,David Lord,2024-04-07 18:11:26+00:00,others,Bump the github-actions group with 3 updates (#5459),6
be508c618411d72281672980abb19b2150581943,dependabot[bot],2024-04-07 18:04:59+00:00,others,Bump the github-actions group with 3 updates,6
6ab71ed7cf92a2dea7c18ddc9c2b4f3e685ea1fb,David Lord,2024-04-07 18:03:46+00:00,others,Merge branch '3.0.x',6
87d5f5b9a9697434e6d972b021201105eabb54e6,David Lord,2024-04-07 17:24:40+00:00,others,update project files (#5457),6
98a7f9fcf09fce5d32bf25e7f917c1c3026719d1,David Lord,2024-04-06 23:17:13+00:00,others,Use per-release URLs in GH env UI when publishing to the PyPI (#5423),5
0e59442f6cce9442c1dcaf8515df7182312fa6cd,Sviatoslav Sydorenko (Святослав Сидоренко),2024-02-27 00:24:27+00:00,others,Use per-release URLs in GH env UI when publishing to the PyPI,1
b90a4f1f4a370e92054b9cc9db0efcb864f87ebe,David Lord,2024-02-12 20:50:45+00:00,others,[pre-commit.ci] pre-commit autoupdate (#5404),0
ad36383951c130f16e02b5f61b1161da99bc1ca4,pre-commit-ci[bot],2024-02-05 20:28:43+00:00,others,[pre-commit.ci] pre-commit autoupdate,0
6b422a05f37641ca0b84422f2436e9d4bd144376,David Lord,2024-02-03 21:13:41+00:00,others,Merge branch '3.0.x',5
d5e321b792cd6f3cd7b072d175f47eacbd5ee14f,David Lord,2024-02-03 21:12:15+00:00,others,release version 3.0.2 (#5403),5
d2030595dcdc8ca5701504f00255360fb12a3a2b,David Lord,2024-02-03 20:54:41+00:00,others,release version 3.0.2,5
d7209a957004d4758f32fd8b2f89da11f5fe5718,David Lord,2024-02-03 20:39:33+00:00,bugfix,fix super call in list comprehension (#5393),5
1af8f95785b85d0937153ee63d504c0b51934d80,Tony Huang,2024-01-26 02:08:55+00:00,bugfix,fix super call in list comprehension,4
3435d2ff1589eb0c1a85cc294a20985910a1a606,David Lord,2024-02-03 20:18:40+00:00,bugfix,Fix jinja_loader typehint (#5389),5
ecc057dd4857e655f0844b781899a917852042a4,Cody Scott,2024-01-23 16:28:51+00:00,bugfix,fix jinja_loader annotation,1
3207af8827d4162ef5841249c46fbb9da043c551,David Lord,2024-02-03 17:41:38+00:00,others,start version 3.0.2,5
94e80b3da9048372ed857f6175a4d5fd1ca8913b,David Lord,2024-02-03 15:40:27+00:00,others,Bump the python-requirements group in /requirements with 6 updates (#5401),5
f32dddc71c8538d7d9cf51bf82716b3dfadbc9ec,David Lord,2024-02-03 15:35:16+00:00,others,Bump the github-actions group with 2 updates (#5400),5
484a7cc9a7ba2540ab2af5141196f5ab5809df33,dependabot[bot],2024-02-01 15:41:57+00:00,others,Bump the python-requirements group in /requirements with 6 updates,3
a4bada52d0c5442011665eb1ad4bdb61c06d28fe,dependabot[bot],2024-02-01 15:31:35+00:00,others,Bump the github-actions group with 2 updates,3
4df377cfbfc1d15e962a61c18920b22aebc9aa41,David Lord,2024-01-18 20:20:56+00:00,others,Merge branch '3.0.x',3
233be7a0fa8b2a77189ae9a2fc47c579245a2f3d,David Lord,2024-01-18 20:03:25+00:00,others,release version 3.0.1 (#5386),3
f622b1cadea2bed4ea4cc476695e9c181ec5da11,David Lord,2024-01-18 17:19:14+00:00,others,release version 3.0.1,3
5fcc999b7df0f5cc71cfd9b74ea494b96486f84f,David Lord,2024-01-18 19:57:22+00:00,bugfix,fix create release action,3
da3a0ddfe2de5be718a2d7cb3021f350bf04c402,David Lord,2024-01-18 19:53:19+00:00,bugfix,fix slsa generator version,3
5e059be1b327f2f2f64115d2897c5864eff69b7d,David Lord,2024-01-18 19:41:38+00:00,others,update actions versions,3
bae6ee888f647f15fabb91d21bf28314737be1c6,David Lord,2024-01-18 17:16:53+00:00,feature,address mypy strict findings (#5383),3
81b3c85f51834a06bc8fbecf350bc20d756d8026,David Lord,2024-01-18 17:15:01+00:00,others,update requirements,3
08d3185e87cfeccc4bf4d26ee5c4c0dfd4ec8564,David Lord,2024-01-16 18:12:10+00:00,others,update pre-commit hooks,1
6000e80acf931b05b4911c3fa7f3ba33e2b80e64,David Lord,2023-12-14 16:58:13+00:00,feature,address mypy strict findings,3
7b5e176d1ab23e183d0403573358299ed6562dce,David Lord,2024-01-15 15:52:57+00:00,others,[pre-commit.ci] pre-commit autoupdate (#5377),0
5a48a0fe6b02f62f9a0d90257c6a14d280bc9d23,David Lord,2024-01-15 15:52:35+00:00,others,untag without `object_hook` (#5382),0
700fc7d928b7a625b04e6865b3eb282043e90f7d,David Lord,2024-01-15 15:47:13+00:00,others,untag without object_hook,0
8fdab74cc80c39f45aa65da5dd029c8d262756c3,pre-commit-ci[bot],2024-01-01 20:24:30+00:00,bugfix,[pre-commit.ci] auto fixes from pre-commit.com hooks,0
24ec38d6a0686f1a147420ebf4b31f5243e1cb42,pre-commit-ci[bot],2024-01-01 20:24:10+00:00,others,[pre-commit.ci] pre-commit autoupdate,0
c2f65dd1cfff0672b902fd5b30815f0b4137214c,David Lord,2024-01-01 15:21:54+00:00,others,Bump the python-requirements group in /requirements with 3 updates (#5374),0
63ff4185f9d1306c3bd54489f1adb88e7b48e588,dependabot[bot],2024-01-01 15:11:19+00:00,others,Bump the python-requirements group in /requirements with 3 updates,0
708d62d7172a30c5b0ace1d212c5a3bc2b53b98c,David Lord,2023-12-14 00:28:13+00:00,others,Merge branch '3.0.x',3
c275573147b426fbe1a37c6bce143f7895b603b2,David Lord,2023-12-14 00:27:37+00:00,others,run typing tests,3
12a1c4940d3fe2fc68a7ca68df48c3f04941c53c,David Lord,2023-12-13 23:13:41+00:00,others,Merge branch '3.0.x',2
77f6c72cf930ae2e3c5d4dd63e7cbc4699382916,David Lord,2023-12-13 23:13:22+00:00,feature,Update docs to address redesigned macOS settings app (#5355),2
8a66990c6161b30422359244a052805dc98a5059,Ben Huebscher,2023-12-05 17:58:59+00:00,feature,Update docs to address redesigned macOS settings app,1
05eebe36abe923d065133792f14d4ab6c07336a0,David Lord,2023-12-13 23:06:37+00:00,bugfix,fix missing quote in `--key` error message (#5344),2
1d5abfadd7132c9a78e14e5ba6c07aed47115280,lizard,2023-11-24 22:03:31+00:00,bugfix,Fixing issue 5342: 'The double quote is missing in the string',4
399aa8531c60faee26333bcdae5a70b01bae2d54,David Lord,2023-12-13 23:01:14+00:00,others,Bump the python-requirements group in /requirements with 3 updates (#5351),2
b55ccae72aba110ae08e8ef0a9cfb8649750594a,dependabot[bot],2023-12-01 15:32:16+00:00,others,Bump the python-requirements group in /requirements with 3 updates,4
089f6a1c50ea2b18287106ecd357522bab200510,David Lord,2023-12-04 22:26:30+00:00,others,Bump the github-actions group with 2 updates (#5352),0
b64f848d2c1f8fe9aed3acb10f68f6c8bb1271f1,David Lord,2023-12-04 22:26:15+00:00,others,[pre-commit.ci] pre-commit autoupdate (#5354),0
452b78f24331c9805075cc0572128a91f4345e32,pre-commit-ci[bot],2023-12-04 20:29:39+00:00,others,[pre-commit.ci] pre-commit autoupdate,0
78ced0093ade22a5de43ce3da98a4c2526022fbf,dependabot[bot],2023-12-01 15:47:14+00:00,others,Bump the github-actions group with 2 updates,4
d61198941adcb191ddb591f08d7d912e40bde8bc,David Lord,2023-11-15 21:03:05+00:00,others,Merge branch '3.0.x',2
b97165db75c6f4e99c3307b4a5a1f3b0d9f4de25,David Lord,2023-11-15 20:55:43+00:00,bugfix,type hint fix for flask.send_file (#5336),2
4104f29956b16f3e351462651ec3c6cc5a0dd069,Daniel Isaac,2023-11-13 11:28:47+00:00,bugfix,type hint fix for flask.send_file,0
66743d4f9d865775258c845db339d3fcccd016b5,David Lord,2023-11-15 20:50:46+00:00,others,start version 3.0.1,2
258311d09891c9d72fedee39cde2564cfefdc55d,David Lord,2023-11-15 20:48:42+00:00,others,Merge branch '3.0.x',2
5308db0637dcc4592286ab0e6accbdd0604db494,David Lord,2023-11-15 20:47:41+00:00,others,update pre-commit hooks,2
59fd6aa1049808f2bf2c6b3bd309ddfe9d9f6809,David Lord,2023-11-09 16:46:01+00:00,others,use pip-compile instead of pip-compile-multi,3
560383fe14b29d05e62d1242fd2713a3b7f84c8e,David Lord,2023-11-09 16:45:23+00:00,others,update python version matrix,3
627703656714c7011a5c7b65214cbf6ee07e3c23,David Lord,2023-11-09 16:39:48+00:00,docs,update read the docs env,3
ce27ddeba1d4dec15758bc9d660316a6060bc7f3,David Lord,2023-11-15 20:14:51+00:00,others,Merge branch '3.0.x',2
54e05a282428e9a44dbd414ca70231a83ebd710d,David Lord,2023-11-09 17:20:27+00:00,others,use ruff linter and formatter,3
9a12f34bbee68a14301bc234f50c4a9fea9003fd,David Lord,2023-11-09 21:29:20+00:00,others,use ruff linter and formatter (#5331),3
54ff9b297276a3add08c8faf1557b5e359b3ab99,David Lord,2023-11-09 17:20:27+00:00,others,use ruff linter and formatter,3
6edfd78c9ff1fc349bcf5356097fe9453e3c7551,David Lord,2023-11-09 17:04:52+00:00,others,Bump the github-actions group with 4 updates (#5330),3
4431ada1a2615c30fedf200b28cbb80c38250e7c,dependabot[bot],2023-11-09 17:01:38+00:00,others,Bump the github-actions group with 4 updates,3
24653528ccb2b5ff017dd9b0d4afabfe93e2ea43,David Lord,2023-11-09 17:00:37+00:00,others,use pip-compile and dependabot grouped updates (#5329),3
33d888622676073a5cd9d5f268933de82a0345c0,David Lord,2023-11-09 16:46:13+00:00,others,enable grouped updates for actions and python,3
04920b30765a5884c5b6516c66feea6df0b5282f,David Lord,2023-11-09 16:46:01+00:00,others,use pip-compile instead of pip-compile-multi,3
6ee5dcc0ec93e8c11e5362f1e151d99168d6d2e6,David Lord,2023-11-09 16:45:23+00:00,others,update python version matrix,3
c4bfd367e2f1f26838de46d0cfa2d512985f42a3,David Lord,2023-11-09 16:40:39+00:00,others,update description,3
29f1bd22d75cab1b0433339425fabd21b8229228,David Lord,2023-11-09 16:39:48+00:00,docs,update read the docs env,3
8d9519df093864ff90ca446d4af2dc8facd3c542,David Lord,2023-10-28 15:42:53+00:00,others,Update link to hypercorn (#5313),5
7af0271f4703a71beef8e26d1f5f6f8da04100e6,Resistor-git,2023-10-28 08:04:03+00:00,others,Initial commit,5
be6ec06894b55b1b5a360ce3f8178c7963332ccd,Resistor-git,2023-10-28 07:38:33+00:00,bugfix,Fix link to Hypercorn in docs/deploying/asgi.rst - they moved from gitlab from github.,5
beedaa4eff3919f250fad49a5092cf07c4d638e1,David Lord,2023-10-20 16:50:00+00:00,bugfix,docs/testing.rst: fix follow_redirects sample code (#5303),4
bb9937593de3917d17c2da1fc55489f10bb3c8b2,Arnout Engelen,2023-10-20 15:17:24+00:00,bugfix,docs/testing.rst: fix follow_redirects sample code,4
541bc8dfc2263cfa1ab2f209ce6132e1835cac9b,Iztok Fister Jr,2023-10-07 00:36:39+00:00,others,examples/javascript: replace obsolete link (#5287),5
3652ecd9e0a3aa6595a559e2a231b11ead8a156c,Akinola Abiodun Emmanuel,2023-10-06 23:37:42+00:00,others,Update index.rst (#5291),4
14232513fd618be02e0ab4b223f3105fcdde3cfe,pgjones,2023-09-16 15:01:21+00:00,others,Release version 3.0.0,5
3252f2bc546759a94f7a4c4938ef561d7bb6a6ec,pgjones,2023-09-30 14:08:50+00:00,others,Bump Werkzeug 3.0.0,5
438edcdf01c392619449a6bdbb18f6cf72ef7bb9,pgjones,2023-09-24 15:16:55+00:00,others,Allow self as an argument to url_for,6
b7c1290528f907c9f41afcdfd33a2227c73e26d3,nick2202,2023-09-22 08:13:43+00:00,bugfix,Fix wrong spelling of JS method .innerHTML,4
8037487165a196015a646de25cbce6d0351c8fc4,David Lord,2023-09-05 21:02:38+00:00,others,Bump pypa/gh-action-pypi-publish from 1.8.8 to 1.8.10 (#5248),1
e8076d911490870a27122e4b34230090e6d1fc10,David Lord,2023-09-05 21:02:28+00:00,others,Bump slsa-framework/slsa-github-generator from 1.7.0 to 1.9.0 (#5247),1
ecc4a38b7cf95bcf8dfd9e4e6f77492977e255d3,David Lord,2023-09-05 21:01:15+00:00,others,Bump actions/checkout from 3.5.3 to 3.6.0 (#5246),1
24c6508d39ad7fabd4c017b9a47d12539ea6b708,dependabot[bot],2023-09-01 16:30:35+00:00,others,Bump pypa/gh-action-pypi-publish from 1.8.8 to 1.8.10,4
98cef9fcca23677f436b2d6d7297d14bb93b59fc,dependabot[bot],2023-09-01 16:30:31+00:00,others,Bump slsa-framework/slsa-github-generator from 1.7.0 to 1.9.0,4
0c97a411b430f96694e9980515b5e253ad999327,dependabot[bot],2023-09-01 16:30:27+00:00,others,Bump actions/checkout from 3.5.3 to 3.6.0,4
faef9a0fcef307f1a1c380a477b392fa4371d83d,David Lord,2023-08-29 13:09:59+00:00,others,deprecate `__version__` attribute (#5242),1
293041a290178dc1d526075372960c3ca589d366,David Lord,2023-08-29 13:03:11+00:00,others,deprecate __version__ attribute,1
153433f612585409f3494a3c44160d888c02612d,David Lord,2023-08-27 16:21:54+00:00,others,Merge remote-tracking branch 'origin/2.3.x',6
65271c105f7c247ecffc9a7121815276e092bd10,pgjones,2023-08-27 09:17:12+00:00,others,Remove print left in by accident,6
a6007373b5c521297e2ec24f820b9c7c32659af8,David Lord,2023-08-21 19:52:54+00:00,others,release version 2.3.3 (#5232),0
3205b53c7cf69d17fee49cac6b84978175b7dd73,David Lord,2023-08-21 17:25:35+00:00,others,release version 2.3.3,0
9f9550247a2798b9dcc28081c15e266442f4e28a,David Lord,2023-08-21 16:39:10+00:00,others,bump werkzeug 2.3.7,0
90967ccb9ab1f757c2637a68ea2e16b8da2605f4,David Lord,2023-08-21 16:42:21+00:00,others,bump werkzeug 2.3.7 (#5231),0
5bb30270d2e68d8d9278ac6f5abf67049acba662,David Lord,2023-08-21 16:39:10+00:00,others,bump werkzeug 2.3.7,0
1d8b53f782570b56296d7682cbbf104b6737e805,David Lord,2023-08-20 16:32:09+00:00,others,Split the App and Blueprint into Sansio and IO parts (#5127),6
bc5dd3894b4b19e07abfe6a23d87d66c02e4061f,pgjones,2023-08-19 18:25:36+00:00,feature,Add a changelog for the sans-io changes,5
318592511c9c7156599fd02e3edf625097ecb434,pgjones,2023-08-15 07:29:57+00:00,feature,Add a brief README to the sansio,1
80cf589a26d792820f135591eb8007bca891bf4f,pgjones,2023-08-14 10:10:15+00:00,others,Correct the error handler typing,0
cc80a47f5be6c60e53c42ef9378e6db3b0e183b1,pgjones,2023-07-16 13:04:23+00:00,others,Widen the response typing,6
3f6b243cec6859185ea4064e84b33c07cc7febf6,pgjones,2023-07-15 22:21:12+00:00,feature,Support async template context processors,5
72c85e80c8ef9e6d5b5644f7bb23cdc175ca3873,pgjones,2023-07-15 16:28:04+00:00,others,Provide an extendable merge blueprint funcs method,5
0ec7f713d679ceed2c605e62ac5d38d579f29fa0,pgjones,2023-06-11 14:03:45+00:00,others,Split the App and Blueprint into Sansio and IO parts,6
a64588f87a2bd7ba557814ec039e3b2af2ce842d,pgjones,2023-06-10 11:42:24+00:00,others,Move file to sansio,5
0e0e8ddcdc2bd572cdecd371bc0f309ac62ee9c4,David Lord,2023-08-16 22:08:52+00:00,others,remove deprecated code (#5223),2
04994df59f2f642e52ba46ca656088bcdb931262,David Lord,2023-08-16 22:00:49+00:00,others,remove deprecated code,2
6a12b191f7058a179237b4b3dfc146e559777d9b,David Lord,2023-08-16 21:41:57+00:00,others,start version 3.0.0,2
9e9acfb3fe5cf33549da1a8324b395e1fb4145b0,David Lord,2023-08-16 21:30:03+00:00,others,Merge branch '2.3.x',2
02736640095ed6d5a4a409a9658eaca373fd1d48,David Lord,2023-08-16 21:29:39+00:00,others,Update dispatch by path example (#5217),2
a887e179b8af6a9c582a7918f9f8499ab58032cc,David Lord,2023-08-16 21:25:53+00:00,others,clean up,2
aa6d4c3e92bd11a7d449f49f524e54bbb88b89c0,pavithra,2023-08-13 12:12:25+00:00,others,update dispatch-by-path example,6
6d49a1e4b74fe4361cc8ab58767effece56c1f0c,David Lord,2023-08-16 20:38:05+00:00,others,Merge branch '2.3.x',2
826514b8eb18f6c314cf566630253d35c89e42c3,David Lord,2023-08-16 20:37:56+00:00,bugfix,fix flake8 bugbear findings,2
c49ce2e1eb8b598e724388bead0943837bab8027,David Lord,2023-08-16 20:37:26+00:00,bugfix,fix flake8 bugbear findings,2
3237fff4b86227a84913d3885b600738bb9479a0,David Lord,2023-08-16 20:35:46+00:00,others,Merge branch '2.3.x',2
6d266f63633f5f127165d4ef836db14a59bbc106,David Lord,2023-08-16 20:35:13+00:00,others,Pass maxsplit via kwarg to re.split (#5215),2
17e146ad949b3d80438faf95e81b53c543cb50f5,hauntsaninja,2023-08-08 09:10:49+00:00,others,Pass maxsplit via kwarg to re.split,1
80ae10f402facf375be30eb62fdaf0d34d57a66d,David Lord,2023-08-16 20:30:18+00:00,others,update dev requirements,2
7d399e80c34df8daff66f45b74fdde0edd58d63c,David Lord,2023-08-16 20:29:25+00:00,others,Merge branch '2.3.x',2
b1385919bea3238d49a6e2cfc8261771775cd6e9,David Lord,2023-08-01 16:59:06+00:00,others,Bump pypa/gh-action-pypi-publish from 1.8.7 to 1.8.8 (#5213),1
6a5277d3417b30d6e7f5c93745e8a445dcb02b1c,David Lord,2023-08-01 16:58:55+00:00,others,Bump actions/setup-python from 4.6.1 to 4.7.0 (#5212),1
dcc86ebfce71bf2829bce429134d6424355f159a,dependabot[bot],2023-08-01 16:56:22+00:00,others,Bump pypa/gh-action-pypi-publish from 1.8.7 to 1.8.8,1
180ff8853c69240a3d214734da8d78f8d4d6f0bc,dependabot[bot],2023-08-01 16:56:18+00:00,others,Bump actions/setup-python from 4.6.1 to 4.7.0,1
8a72b741616556b4f739ea79ab502c2d2038844a,David Lord,2023-08-01 16:17:47+00:00,others,[pre-commit.ci] pre-commit autoupdate (#5211),1
7255be9626ab56d81bc0ab86db939fcc1da9bca1,pre-commit-ci[bot],2023-08-01 08:45:55+00:00,others,[pre-commit.ci] pre-commit autoupdate,1
f215de030e4bb66205e39c786437b41aa86a5dd6,David Lord,2023-07-04 13:18:22+00:00,others,[pre-commit.ci] pre-commit autoupdate (#5187),1
65bc7636348a9ca32ccafb9f685ab4377e1e446d,pre-commit-ci[bot],2023-07-04 06:36:29+00:00,others,[pre-commit.ci] pre-commit autoupdate,1
a0db8908530769e83f388d6b61438a6a2ee0bded,David Lord,2023-07-03 12:58:14+00:00,others,Update install.rst with required description (#5182),0
11da927fd993c941618a67b443cc0649402f4de0,Pamela Fox,2023-07-01 14:09:51+00:00,others,Update install.rst with required description,5
cb825687a592709f902f3d320d93987a0546fd28,David Lord,2023-07-01 16:24:20+00:00,others,Bump actions/checkout from 3.5.2 to 3.5.3 (#5186),5
51bf0fdd9018d63b7bc09db52a66b726c2c4bad8,David Lord,2023-07-01 16:24:11+00:00,others,Bump slsa-framework/slsa-github-generator from 1.6.0 to 1.7.0 (#5185),5
0da5788efbda92b6b6239352c2b9a835efe0888f,David Lord,2023-07-01 16:23:57+00:00,others,Bump dessant/lock-threads from 4.0.0 to 4.0.1 (#5184),5
326484a8d107c3af490d7d294c17832afabae785,David Lord,2023-07-01 16:23:35+00:00,others,Bump pypa/gh-action-pypi-publish from 1.8.6 to 1.8.7 (#5183),5
1ce4d95de92fdd9423c295bf9b63117817fab3bf,dependabot[bot],2023-07-01 16:16:28+00:00,others,Bump actions/checkout from 3.5.2 to 3.5.3,5
1fb188636e6a21e9c1fefdf4dd8c671dd3f332d6,dependabot[bot],2023-07-01 16:16:25+00:00,others,Bump slsa-framework/slsa-github-generator from 1.6.0 to 1.7.0,5
f62580b947e3be4d8b5ef5fa486d1472884aacd5,dependabot[bot],2023-07-01 16:16:22+00:00,others,Bump dessant/lock-threads from 4.0.0 to 4.0.1,5
47a89da558e240148ced28ddcc4e709a4be4955a,dependabot[bot],2023-07-01 16:16:19+00:00,others,Bump pypa/gh-action-pypi-publish from 1.8.6 to 1.8.7,5
09789f2a34633be446f7fa04955e55a373b36302,David Lord,2023-06-30 00:28:25+00:00,bugfix,fix typo in errorhandling doc (#5180),4
aea13d5a100b03758fecb88a34daeab4f8aa8426,ToolMoney,2023-06-30 00:20:35+00:00,bugfix,fix typo in errorhandling doc,4
15a0d4afd481a7f8f7dcf3b45da7175ed14226c5,David Lord,2023-06-27 21:18:56+00:00,others,Merge branch '2.3.x',1
f39c71609e9372bec8beb01c5aea3957ec2d1a9b,David Lord,2023-06-27 21:18:18+00:00,others,remove manifest.in,1
3c85ec953f15fe3be339a136181fa1483320f65a,David Lord,2023-06-27 21:17:46+00:00,others,use flit_core as build backend (#5177),1
6b9acd565cded9c805760037b69754c11749c830,David Lord,2023-06-27 21:11:18+00:00,docs,switch docs to flit,1
46b328854a1ec1e892da02f523b2ed0745fe69e2,David Lord,2023-06-27 21:03:41+00:00,others,switch examples to flit,1
f38f3a745ab2f90084f495403ed28d4fc27e4b50,David Lord,2023-06-27 21:03:25+00:00,others,switch to flit build backend,1
b1bdd9756478f178680fa119514a58b4b48efc38,David Lord,2023-06-27 15:30:43+00:00,others,Merge branch '2.3.x',1
d67c47b81f4cbfda79f108a8ee4a183855127efb,David Lord,2023-06-27 15:29:41+00:00,others,simplify tox config,1
7bfbcfab8725a5e469acf2b84f6061d6afb2f649,David Lord,2023-06-27 14:42:06+00:00,others,Merge branch '2.3.x',1
8933d7544395aeaa91c66d9f26d10b4fe2e92d7b,David Lord,2023-06-27 14:41:15+00:00,others,update pypy test version,1
cc55d7b3cfb816575beef1011693f5cae6c2d3b5,David Lord,2023-06-27 14:11:37+00:00,others,Merge branch '2.3.x',1
aca7d5637d0c1c95b961e3396039869c6e981e23,David Lord,2023-06-27 14:11:22+00:00,others,update dependencies,1
ec2b2394dccb02dac919b024608e9980f16459f6,David Lord,2023-06-21 16:32:37+00:00,others,update import of declarative_base from SQLAlchemy (#5171),2
a7ae372f2f58343a7eb56209f29eb9879e171b58,mohammad m. moniri,2023-06-21 14:54:33+00:00,others,update import of declarative_base from SQLAlchemy,2
4bcd4be6b7d69521115ef695a379361732bcaea6,David Lord,2023-06-09 16:41:25+00:00,others,Merge branch '2.3.x',4
8e33b7b3e254f2a93101bcce21f85ff203831a4c,David Lord,2023-06-09 16:41:17+00:00,others,update werkzeug requirement,4
4be9f521425b7ad659b182c319dc3afb8fe64f53,David Lord,2023-06-09 16:38:59+00:00,bugfix,fix use of `importlib.util.find_spec` (#5161),4
bda295d37fa3809c95a93d01dd605d0222109889,David Lord,2023-06-09 16:34:42+00:00,bugfix,fix use of importlib.util.find_spec,4
4d6ae8273a54e3407ab5046fc0856a9d40097e74,David Lord,2023-06-08 21:33:28+00:00,others,Merge branch '2.3.x',3
c8cf4694c60f0d81809468a1b45ec730496cc546,David Lord,2023-06-08 21:33:16+00:00,others,unpin sphinx and sphinx-tabs,3
935ee742b49cfcda876eaf366d53bf150bcafd44,David Lord,2023-06-07 20:22:15+00:00,others,Merge branch '2.3.x',2
9930b0fe8e739ceb312f9554f9d41b73c2aaa733,David Lord,2023-06-07 20:21:49+00:00,others,Python 3.12 compatibility (#5157),2
ed8ddb6a3a14ae332823b0a266b02a5ef024cbb3,David Lord,2023-06-07 20:09:07+00:00,others,update werkzeug to 2.3.5,2
84e11a1e827c0f55f9b9ee15952eddcf8a6492e0,David Lord,2023-06-07 20:07:41+00:00,others,use importlib instead of pkgutil,2
367e1df785a71e9004d9a87a221652bfc5a964ac,David Lord,2023-06-07 20:10:39+00:00,others,start version 2.3.3,2
2be71d323d87ec5e9f269666f8d08ec5af77eeb8,David Lord,2023-06-07 19:53:30+00:00,others,[pre-commit.ci] pre-commit autoupdate (#5154),2
d614d6bf8c7b6db6f817648836f9044b13dc42b4,David Lord,2023-06-06 16:30:34+00:00,others,ignore pytest ast warnings,1
32d2f47ed1bf3f27fd46e1a54dd136688de9ab81,pre-commit-ci[bot],2023-06-06 04:21:31+00:00,others,[pre-commit.ci] pre-commit autoupdate,1
c9b6110dec52ff483b42b1428221f903bf143788,David Lord,2023-06-06 16:26:05+00:00,others,Merge branch '2.3.x',1
7dbb2f7e05d2c0963e90016b1f7a3a45e98a865a,David Lord,2023-06-06 16:25:47+00:00,others,retarget pre-commit.ci,1
a3e4013f893831adb8c9f2947c29dfeeb47d2145,David Lord,2023-06-01 18:49:16+00:00,others,Bump actions/setup-python from 4.6.0 to 4.6.1 (#5150),3
fb20cbbf1efbf7dd384171b9cd2587c234f15ddf,David Lord,2023-06-01 18:47:53+00:00,others,Bump pypa/gh-action-pypi-publish from 1.8.5 to 1.8.6 (#5149),3
c49757a4592f2fbd7ecfa4daccbfe8a4ec14c1e6,David Lord,2023-06-01 18:46:49+00:00,others,Bump slsa-framework/slsa-github-generator from 1.5.0 to 1.6.0 (#5148),3
18e703bc9341b8066e2b277af5d37b13f5bd3aef,dependabot[bot],2023-06-01 16:56:50+00:00,others,Bump actions/setup-python from 4.6.0 to 4.6.1,3
fc74a114b3afe87284467f2ccdbeb7a4a8badbc4,dependabot[bot],2023-06-01 16:56:46+00:00,others,Bump pypa/gh-action-pypi-publish from 1.8.5 to 1.8.6,3
40f31c307848e560336fc8b336fbc2fdc1a478ee,dependabot[bot],2023-06-01 16:56:43+00:00,others,Bump slsa-framework/slsa-github-generator from 1.5.0 to 1.6.0,3
31fd9c87912a7020a00d83d2135559433173708c,David Lord,2023-05-31 16:19:14+00:00,others,Merge branch '2.3.x',2
38f02e04f4765a2820a2ed4f63ac757598cb02e4,David Lord,2023-05-31 16:18:33+00:00,others,update metadata,2
e7264776bd1373e6283407a75f287b309eeebbae,David Lord,2023-05-31 16:17:51+00:00,others,update dependencies,2
ae07dead24d5aa81b4ee9e3f0550eabb173f5455,David Lord,2023-05-31 16:14:56+00:00,others,Merge pull request #5140 from Jeroendevr/patch-1,2
0f477df86a8c953cb5e4df0bd90266345140b114,Jeroendevr,2023-05-24 09:13:36+00:00,others,Config from Data Files to match from_file API,2
55332be325a9f1a5882a309951f1f7db510036dd,Pedro Guilherme S. Moreira,2023-05-18 12:33:44+00:00,bugfix,docs: fix wrong JS syntax (#5136),3
b80baaf35985a9a48f2db903a21b6ee7e7cc7340,David Lord,2023-05-14 16:43:35+00:00,others,Merge pull request #5126 from pgjones/pathlike,6
2abb7513dc52e9d9f2c73dde91f3b89d8f9492e4,pgjones,2023-05-14 15:09:25+00:00,others,Allow for PathLike types for config file variables,6
d0bf462866289ad8bfe29b6e4e1e0f531003ab34,David Lord,2023-05-09 19:38:00+00:00,others,Merge branch '2.3.x',1
4911012cf426af25668e5d9beb756a732ca1a4f4,David Lord,2023-05-09 19:37:33+00:00,others,update workflows,1
57e926c7916ef5fd7d4abac965273ea185e497d2,David Lord,2023-05-02 17:42:04+00:00,others,Merge branch '2.3.x',1
859d63902e5c9549fda4c167e9787a42c0136413,David Lord,2023-05-02 17:41:41+00:00,others,Merge pull request #5111 from pallets/update-tests,1
0a00e1b6085f62fb776a95ef676ea661bff565f6,David Lord,2023-05-02 17:38:27+00:00,others,use tmp_path instead of tmpdir,1
1d7281fe0770a97229a2a75189a712cff866b448,David Lord,2023-05-02 16:53:31+00:00,others,remove egg test,1
e374853c75e49c950195a57de8e19308db5bf902,David Lord,2023-05-02 14:52:49+00:00,others,Merge branch '2.3.x',1
97c830190ff839b89b85c93781f3603f95365384,David Lord,2023-05-02 14:50:30+00:00,others,Merge branch '2.2.x' into 2.3.x,1
bda08b11c692a5c94124b11749c1af6fa5c0e003,David Lord,2023-05-02 14:43:48+00:00,others,Merge pull request #5110 from pallets/release-2.2.5,1
47af817c8fe01045c641b97f8fb784c7ad864eee,David Lord,2023-05-02 14:35:27+00:00,others,release version 2.2.5,1
afd63b16170b7c047f5758eb910c416511e9c965,David Lord,2023-05-02 14:18:08+00:00,others,Merge pull request #5109 from pallets/backport-vary-cookie,1
ca12e8ebb7753d4a982584c2909ad9c7e5c2b029,David Lord,2023-05-02 14:17:52+00:00,others,update dependencies,1
8646edca6f47e2cd57464081b3911218d4734f8d,David Lord,2023-05-01 15:01:32+00:00,others,set `Vary: Cookie` header consistently for session,0
a6367dac747c1e149c60767eee7e8aa9c281c58e,David Lord,2023-05-02 14:12:59+00:00,others,Merge pull request #5108 from pallets/werkzeug-compat,1
3fbfbad79fe294918459b70eb409d555b20de2c8,David Lord,2023-05-02 14:05:51+00:00,others,werkzeug 2.3.3 compatibility,1
726d3f4fa9e8a2960541debc2d2713571da54441,David Lord,2023-05-02 13:56:08+00:00,others,start version 2.2.5,1
7b31099252cca1d7a5fab121cb646f78538ad7bb,David Lord,2023-05-01 17:22:01+00:00,others,Merge pull request #5106 from pallets/dependabot/github_actions/pypa/gh-action-pypi-publish-1.8.5,0
723091b903c0a355bbb67778b3236317e5aff3f7,David Lord,2023-05-01 17:21:02+00:00,others,Merge pull request #5104 from pallets/dependabot/github_actions/actions/checkout-3.5.2,0
dcd25d8f07be14508c7f8182d9f9cc4365eb96fe,dependabot[bot],2023-05-01 17:18:16+00:00,others,Bump actions/checkout from 3.5.0 to 3.5.2,0
1e160c199bc5e76133e77f7cf0a16d21ae956078,David Lord,2023-05-01 17:17:25+00:00,others,Merge pull request #5105 from pallets/dependabot/github_actions/actions/setup-python-4.6.0,0
ec8ca69195174a6526a6006d804841c0124eeccf,dependabot[bot],2023-05-01 16:57:14+00:00,others,Bump pypa/gh-action-pypi-publish from 1.8.4 to 1.8.5,0
b7b753b96c36f0704c7c2729f6564aa6c34797a6,dependabot[bot],2023-05-01 16:57:10+00:00,others,Bump actions/setup-python from 4.5.0 to 4.6.0,0
0afeb1d11cad9aa42ef25cc20b10dcd67c8cf3c9,David Lord,2023-05-01 16:01:40+00:00,bugfix,fix release date,0
4cf8b78c6c674048a393acf0280f08761a5cb2a5,David Lord,2023-05-01 15:42:27+00:00,others,Merge pull request #5102 from pallets/release-2.3.2,0
f3b8f570545200c87465d18386f3fc9f2258307a,David Lord,2023-05-01 15:32:16+00:00,others,release version 2.3.2,0
c990bba94ab9bc81adf2d33e83c9a9628a2098f2,David Lord,2023-05-01 15:35:01+00:00,others,update min test env,0
adedb2a64ea7703369bc89021710b439ee79f8dc,David Lord,2023-05-01 15:22:58+00:00,others,Merge pull request #5101 from pallets/update-werkzeug,0
e1aedecdc689cc9a79131851dbdabf6c3bc49c9e,David Lord,2023-05-01 15:18:03+00:00,others,update werkzeug,0
37badc3ce8b0665e3454547839196a676729309f,David Lord,2023-05-01 15:13:12+00:00,others,update changelog,0
70f906c51ce49c485f1d355703e9cc3386b1cc2b,David Lord,2023-05-01 15:11:41+00:00,others,Merge pull request from GHSA-m2qf-hxjv-5gpq,0
8705dd39c4fa563ea0fe0bf84c85da8fcc98b88d,David Lord,2023-05-01 15:01:32+00:00,others,set `Vary: Cookie` header consistently for session,0
9532cba45d2339e90ebf04f178b1e4f2064e7328,David Lord,2023-05-01 15:10:25+00:00,bugfix,fix mypy finding,0
0bc7356ce1ae11e633426902aba76d525f4523da,David Lord,2023-05-01 15:02:46+00:00,others,start version 2.3.2,0
f07fb2b607c1eaa724ca9bfe43e2dc20d97d34de,David Lord,2023-04-25 21:21:36+00:00,others,Merge pull request #5086 from pallets/release-2.3.1,1
721abdc3810057269503a72d2db80fb826f3c85c,David Lord,2023-04-25 20:08:38+00:00,others,release version 2.3.1,1
0867dce42c1a193bfe7fb5f92f0ccaa622643f48,David Lord,2023-04-25 20:06:22+00:00,others,Merge pull request #5085 from lucaswerkmeister/patch-1,1
0ec9192cf25f5187d6521f2539489fa8d55336bb,Lucas Werkmeister,2023-04-25 19:10:05+00:00,bugfix,fix importing Markup from flask,1
345f18442ceb29f9e365af99fc85bdc5986323d2,David Lord,2023-04-25 19:48:16+00:00,others,start version 2.3.1,1
5f4072423ec6ee0c71d5995bec41e59d044e7737,David Lord,2023-04-25 18:42:22+00:00,others,Merge pull request #5083 from pallets/release-2.3.0,1
8728c3e4cd4e929a4327d917acd4b96c75f963d0,David Lord,2023-04-25 18:35:06+00:00,others,release version 2.3.0,1
eb33b8c8096322becac743fb6eb466aebf7af6b9,David Lord,2023-04-25 18:33:30+00:00,others,Merge pull request #5082 from pallets/minimum-requirements,1
79ebf6c39cba01b240a926b899b7d0828e63fc4b,David Lord,2023-04-25 18:27:06+00:00,others,update minimum requirements,1
73739a29f4c16cf539b57e711a4ea2a686cd707a,David Lord,2023-04-25 17:55:41+00:00,others,Merge branch '2.2.x',1
ddc7accaa2e83b328f969c120af2ce0804876b4a,David Lord,2023-04-25 17:53:09+00:00,others,Merge pull request #5081 from pallets/release-2.2.4,1
cd1b68cf6ebb214bfc8cf9bc233c593f15580172,David Lord,2023-04-25 17:41:20+00:00,others,Merge branch '2.2.x',1
74e03298200e33951ca350a35aa3a8c0b4ff8177,David Lord,2023-04-25 17:02:28+00:00,others,release version 2.2.4,1
2d460685b1b3d66c713739ee91183c22fb2e5dc8,David Lord,2023-04-25 17:06:20+00:00,others,update dev env,1
64bc45874daf4b9828830ea0037a19beb8364ee3,David Lord,2023-04-25 17:40:57+00:00,others,update dev dependencies,1
427e5dc4f3d82b67a75f4be21360818fd4fbf05e,David Lord,2023-04-25 17:00:01+00:00,others,update dev env,1
0c5f18ab9168f9b7a8f3a6fa6509c8b20ac8720d,David Lord,2023-04-24 18:21:42+00:00,others,Merge pull request #5077 from EtiennePelletier/master,0
d48deba27331f11e19599af2a5b6e64476fd90da,EtiennePelletier,2023-04-24 17:06:27+00:00,docs,Remove double period in signals documentation page,0
2b2a7641430bc7d40dba3c8d701636fc9b16530c,David Lord,2023-04-20 18:49:26+00:00,feature,Merge pull request #5073 from pallets/new-logo,3
83d777bebfb3031de51d458b47d06e8e612f3a3d,David Lord,2023-04-20 18:34:48+00:00,feature,use new logo,3
b4345cb4eb692c58d00579543228946ee5ad7510,David Lord,2023-04-20 18:11:52+00:00,others,Merge pull request #5072 from pallets/drop-py37,3
2e8fe7b2f2b541a60c90c625446647b22c5cacc2,David Lord,2023-04-20 18:07:30+00:00,feature,drop support for python 3.7,3
9659b11a45281662c6aa1194dc95b46b1f566ba6,David Lord,2023-04-20 17:05:53+00:00,others,remove pypy 3.8 and 3.7 from tests,3
f139024b1ca637cc6df694f49817bdb8ec294561,David Lord,2023-04-20 16:53:38+00:00,others,remove old links,3
a4ea5df5d565128118b6ceaaf372233eef23e238,David Lord,2023-04-20 16:36:51+00:00,others,Merge pull request #5071 from pallets/future-annotations,3
44ffe6c6d6c90a414de32db1b03d5978f8770271,David Lord,2023-04-20 15:30:45+00:00,feature,add __future__ annotations,3
cfa863c357c4a40cfc11fe1b9a4f36d8e75cf52f,David Lord,2023-04-15 19:30:20+00:00,others,Merge branch '2.2.x',5
db7d2d2d685c004ea8da6cbcc7c56ecc36276632,David Lord,2023-04-15 19:27:24+00:00,others,Merge pull request #5067 from pallets/tox-constraints,5
a67195e0598f7fa4481e366527600cf0b46ae78e,David Lord,2023-04-15 19:25:09+00:00,others,update dependencies,5
7e6e68aed91c4c36142f6f1d32c0d74ac75e65be,David Lord,2023-04-15 19:20:57+00:00,others,enforce minimum versions in env,5
a1d0eda7891917fdea272ac06a85cc2903824d17,David Lord,2023-04-15 18:57:46+00:00,docs,Merge pull request #5066 from pallets/docs-passthrough,5
5bba529dfc9021a3df8fba96658a05f605e20afe,David Lord,2023-04-15 18:53:06+00:00,docs,document passthrough_errors,5
9a4d370ea221b13d7fff5e2120007986c08f85fb,David Lord,2023-04-15 14:39:35+00:00,bugfix,fix typo,5
6931b252935188744415b301ab2e3d3bd5ee5498,David Lord,2023-04-14 16:45:20+00:00,others,Merge pull request #5063 from pallets/cli-routes-domain,4
84c007d34f7f0b8737310fe4d67be12c463e0130,David Lord,2023-04-14 16:34:26+00:00,others,show subdomain or host in routes output,4
182ce3dd15dfa3537391c3efaf9c3ff407d134d4,emisargent,2023-04-13 17:03:49+00:00,feature,Add a devcontainer configuration (#4969),3
49498a323b8f5d5399a18dedacdc28d88cc78b83,David Lord,2023-04-13 15:24:58+00:00,others,Merge pull request #5059 from pallets/oidc-publish,3
f7d9956c0f0e9a80b1d345adac191f6ebd0ffee4,David Lord,2023-04-13 15:18:14+00:00,others,use oidc instead of token,3
59f81950fe4fb059ad58b8b8c171831ae5214460,David Lord,2023-04-13 15:08:27+00:00,others,Merge pull request #5049 from pgjones/signals,3
8239765a4410d13d489e299a99e4a4c6951e190b,pgjones,2023-04-10 09:21:13+00:00,others,allow async signal receivers,0
a05c0c6b7232aac38899234a6c4f071f9005a502,David Lord,2023-04-13 14:51:11+00:00,others,Merge pull request #5058 from pallets/require-blinker,3
9cb1a7a52d7927071e2b737d52f902f006969e82,David Lord,2023-04-13 14:34:14+00:00,others,"blinker is required, signals are always available",3
e1e4e82096efbf25aa3c65b706aec60f1b00dec7,David Lord,2023-04-12 20:43:23+00:00,others,Merge pull request #5034 from adamtheturtle/default-mimetype-optional,2
b626a9387900a9f717eb42765275adc0bf0875e3,Adam Dangoor,2023-03-26 13:38:11+00:00,others,Allow Response subclasses to set default_mimetype as None,6
87698a2d5d67bfd828e268f01884bcbbe33d2076,David Lord,2023-04-12 20:29:05+00:00,others,Merge pull request #5029 from lettow-humain/main,2
c67bfe551d016b15d0a2df89c985d8030387bf1e,lettow-humain,2023-03-17 10:58:49+00:00,bugfix,fix parentheses,4
c9a5660cfd0be150b598325697f6f19019af0ef8,David Lord,2023-04-12 20:10:34+00:00,others,Merge pull request #5054 from pallets/session-domain,2
c24f8c8199f8ceda7a7cfb5e91773eba595f5b67,David Lord,2023-04-12 19:38:22+00:00,others,no cookie domain by default,2
fa0ceb62f26579c3c7d9e18926af3e6f3e6e425c,David Lord,2023-04-12 17:57:53+00:00,others,Merge branch '2.2.x',2
694183ce22a0f63f5e5020dd799c2bd4dd5272a1,David Lord,2023-04-12 17:57:14+00:00,others,Merge pull request #5053 from pallets/werkzeug-compat,2
04c21387dbc454fb59cae9c9bb21a13358cb5a34,David Lord,2023-04-12 17:33:52+00:00,others,update test cookie handling for Werkzeug 2.3,2
67c4c7bac2fcd582ebb3474284a7c8a1e737c878,David Lord,2023-04-11 22:34:39+00:00,others,ignore warning from pytest due to change in Python 3.12 alpha,1
e39d78a0ad544ac0b518ed85fc40c7a92833dee4,David Lord,2023-04-11 22:33:44+00:00,others,Merge branch '2.2.x',1
a30b6e723c4b58356176cc3f6cf63ce7320250e2,David Lord,2023-04-11 22:33:34+00:00,others,update dependencies,1
daf6966c89b280725439d2951beb88640c473154,David Lord,2023-04-05 21:56:26+00:00,others,Merge pull request #5037 from pamelafox/patch-1,2
c4f754cda37af2af272497000517288a5207e433,David Lord,2023-04-04 14:00:49+00:00,others,Merge pull request #5041 from pallets/pre-commit-ci-update-config,1
d2a6f5c572f5275bb8c91286cfd24c2c504cc243,pre-commit-ci[bot],2023-04-04 06:31:29+00:00,others,[pre-commit.ci] pre-commit autoupdate,1
a361ef6368a27a8fccad2da227089fc1d05f5678,David Lord,2023-04-03 13:19:09+00:00,others,Merge pull request #5038 from pallets/dependabot/github_actions/pypa/gh-action-pypi-publish-1.8.4,0
c2688e4f06074a9c6785d26679270718cdef5b03,David Lord,2023-04-03 13:18:57+00:00,others,Merge pull request #5040 from pallets/dependabot/github_actions/actions/cache-3.3.1,0
e8178f7bfa14ebb02418aa27c6437df19b81b911,David Lord,2023-04-03 13:18:45+00:00,others,Merge pull request #5039 from pallets/dependabot/github_actions/actions/checkout-3.5.0,0
4909e8ff86508c87ba9a77a4adc602e9288c5141,dependabot[bot],2023-04-01 16:57:11+00:00,others,Bump actions/cache from 3.2.6 to 3.3.1,5
6a6c83789f88715329a79d9cb887e25f8e472e94,dependabot[bot],2023-04-01 16:57:06+00:00,others,Bump actions/checkout from 3.3.0 to 3.5.0,5
29676a273a5b9dc99268850c4fa534f78884cdd3,dependabot[bot],2023-04-01 16:57:01+00:00,others,Bump pypa/gh-action-pypi-publish from 1.6.4 to 1.8.4,5
15f2ca2c24c63533219312600942248d3513a670,Pamela Fox,2023-03-31 19:20:27+00:00,others,Update appfactories.rst,4
7ed89d3f9d2207c9a607f5dcdce106c0278e1332,David Lord,2023-03-11 16:34:56+00:00,others,Merge pull request #5014 from evgenymozhaev/require-a-non-empty-name-for-blueprints,5
b8b410014d85f9861acc87c5f21c9a55a42d09c9,Evgeny Mozhaev,2023-03-04 18:09:34+00:00,others,require a non-empty name for blueprints,5
7ee9ceb71e868944a46e1ff00b506772a53a4f1d,David Lord,2023-03-11 16:23:08+00:00,others,Merge branch '2.2.x',5
cac56a2b537d9ea4f4766d686f6a2f7639ad737a,David Lord,2023-03-11 16:21:58+00:00,others,Merge pull request #5026 from pallets/werkzeug-compat,5
c4b39ba2f3fede0555f18fc03b0f2499bb0d424b,David Lord,2023-03-11 16:16:19+00:00,others,replace werkzeug.urls with urllib.parse,5
e7f8ae016696a6224d1db5c121bcf0282d528da8,David Lord,2023-03-11 15:41:19+00:00,others,Merge pull request #5025 from pallets/update-requirements,5
1432cddb139fc3cb64b990b8672d245d805e97d0,David Lord,2023-03-11 15:36:51+00:00,others,update requirements,5
c83f661427a43cef50e202bcc61ced709248791e,David Lord,2023-03-11 15:32:12+00:00,docs,Merge pull request #5024 from pallets/docs-sentry,5
31022056aee5ab24cf485e31a0b48bbd52d96a04,David Lord,2023-03-11 15:29:51+00:00,others,remove broken link,5
a5f30b157df2c62415a2d22758a1e4141ecdc9ed,David Lord,2023-03-08 19:04:53+00:00,others,Merge pull request #5020 from gultas/patch-1,2
0bc6be604d465406c5909b13162e7097ab0ea2f8,martinamca,2023-03-08 18:28:33+00:00,others,Update installation.rst,2
2f67e0fe4aca8a8d6998b3022150f1e6d6738214,David Lord,2023-03-01 17:04:40+00:00,others,Merge pull request #5005 from pallets/dependabot/github_actions/slsa-framework/slsa-github-generator-1.5.0,2
bc3ec352f0b41ff1123de3f2816c657012d7071f,David Lord,2023-03-01 17:02:06+00:00,others,Merge pull request #5006 from pallets/dependabot/github_actions/actions/cache-3.2.6,2
b8eb83940cc46e1499f8e4194f688f193232eedb,dependabot[bot],2023-03-01 16:57:34+00:00,others,Bump actions/cache from 3.2.4 to 3.2.6,2
3cdcc729a73766bdb071b8b43a1d60971994db07,dependabot[bot],2023-03-01 16:57:31+00:00,others,Bump slsa-framework/slsa-github-generator from 1.4.0 to 1.5.0,2
5cdfeae2e82541577e17f5179d91775550e34ebd,David Lord,2023-02-23 23:58:29+00:00,others,Merge branch '2.2.x',3
736b5f9ff8564dee7e953987c7ef10c58146afa1,David Lord,2023-02-23 23:58:21+00:00,others,update dependencies,3
2ad4d8d717dfe1e15b8205a825a5d3a8cb106acc,David Lord,2023-02-23 19:13:18+00:00,others,Merge pull request #4992 from AntoineMath/file_mode,3
b10b6d4af1127fdfb0a74221af0c020ced71fece,AntoineMath,2023-02-22 13:40:49+00:00,feature,add text parameter to config.from_file,2
4c288bc97ea371817199908d0d9b12de9dae327e,David Lord,2023-02-23 18:59:28+00:00,others,Merge pull request #4998 from pallets/deprecate-locked_cached_property,3
4256fc63044fa0d9c2135443461689b1adaf386d,David Lord,2023-02-23 18:05:57+00:00,others,deprecate locked_cached_property,3
c690f529f28a8fd7ecdac90939944475613760a5,David Lord,2023-02-23 17:34:17+00:00,others,Merge pull request #4997 from pallets/deprecate-got_first_request,3
fc03d0dfab64945169e1114cdc1fb39519a1e0c1,David Lord,2023-02-23 17:29:36+00:00,others,setup method on registered blueprint is error,3
2a33c1785412075c09f9f55b3e25f2bc995ca461,David Lord,2023-02-23 17:28:42+00:00,others,deprecate got_first_request property,3
704b68948f7bb94a3a4fa15e99243d4ed82081c5,David Lord,2023-02-23 16:59:37+00:00,others,Merge pull request #4996 from pallets/deprecate-markupsafe-export,3
9c02f07f9bb4c88207c2a6860742c452c35d2948,David Lord,2023-02-23 16:55:01+00:00,others,deprecate markupsafe exports,3
1ee22e1736ffd12c2222cd6215ed04ec1592adaa,David Lord,2023-02-23 16:45:38+00:00,others,Merge pull request #4995 from pallets/remove-deprecated,3
6650764e9719402de2aaa6f321bdec587699c6b2,David Lord,2023-02-23 16:35:16+00:00,others,remove previously deprecated code,3
604de4b1dc0729233704a08c32612c6f1221cccb,David Lord,2023-02-16 14:27:41+00:00,others,Merge branch '2.2.x',3
c4c7f504be222c3aca9062656498ec3c72e2b2ad,David Lord,2023-02-16 14:27:25+00:00,others,update dependencies,3
ed5b240417414cbd0322efa95c91f759928ba154,David Lord,2023-02-15 22:48:09+00:00,others,Merge branch '2.2.x',2
6a392afbb6404236897ce7c0d02ac78b199e31bb,David Lord,2023-02-15 22:44:24+00:00,others,Merge pull request #4980 from pallets/release-2.2.3,2
41d4f62909bb426c84e9d057151f7d734695320a,David Lord,2023-02-15 22:20:33+00:00,others,release version 2.2.3,2
24df8fc89d5659d041b91b30a2ada9de49ec2264,David Lord,2023-02-15 22:24:56+00:00,bugfix,show 'run --debug' in docs,2
aa040c085c8c560616069f06c34cf796c10b05f1,David Lord,2023-02-10 23:07:24+00:00,others,run latest black format,4
a18ae3d75271ead93d779f4c950ad5750684c0a0,David Lord,2023-02-10 23:06:38+00:00,others,Merge branch '2.2.x',4
b945f988f94fd6f84fef31bd0bb668d71780f78b,David Lord,2023-02-10 22:54:49+00:00,docs,Merge pull request #4973 from pallets/docs-lifetime,4
a6cd8f212e762b8f70e00f3341b27799c0fb657a,David Lord,2023-02-10 22:48:02+00:00,docs,document the lifecycle of a flask application and request,4
f425c117e2a0309da7faa149090936733a65c57c,David Lord,2023-02-10 18:53:02+00:00,docs,Merge pull request #4972 from pallets/docs-push-reqctx,4
ba2b3094d1a8177059ea68853a48fcd5e90920fe,David Lord,2023-02-10 18:50:48+00:00,bugfix,fix test client arg for query string example,4
129568f7f4197bdcec9b8eb96f1f4d55f9519c83,David Lord,2023-02-10 18:42:47+00:00,docs,Merge pull request #4971 from pallets/docs-blueprint-app-methods,4
ab93222bd6d4ea26e3aa832a0409489530f3f5e0,David Lord,2023-02-10 17:58:48+00:00,others,point to app-scoped blueprint methods,4
d5527264f0506504fd2fd400192c8f696ce6d979,David Lord,2023-02-10 17:35:31+00:00,docs,Merge pull request #4968 from pallets/docs-celery,4
3f195248dcd59f8eb08e282b7980dc04b97d7391,David Lord,2023-02-09 18:50:57+00:00,feature,add celery example,3
dca8cf013b2c0086539697ae6e4515a1c819092c,David Lord,2023-02-09 01:30:53+00:00,docs,rewrite celery background tasks docs,3
761e02ef67f9c689d899325dbafb7afdf6e495c6,David Lord,2023-02-09 02:44:10+00:00,bugfix,Merge pull request #4966 from ivanovmg/fix/cmd-format,3
428d9430bc69031150a8d50ac8af17cc8082ea4e,Maxim G. Ivanov,2023-02-09 02:38:57+00:00,bugfix,Fix command-line formatting,3
4ddb3f73baa5b60ed83d6bb48d0d447a0d8ab492,David Lord,2023-02-07 15:18:54+00:00,others,Merge branch '2.2.x',1
dd2423ebdec3b58db0dea58897d321c7c629c1b3,David Lord,2023-02-07 15:11:50+00:00,others,Merge pull request #4963 from pallets/pre-commit-ci-update-config,1
a15da89dbb4be39be09ed7e5b57a22acfb117e6d,pre-commit-ci[bot],2023-02-07 04:43:02+00:00,bugfix,[pre-commit.ci] auto fixes from pre-commit.com hooks,1
c1d01f69994e87489d04c3218a417f517ab6c88e,pre-commit-ci[bot],2023-02-07 04:42:52+00:00,others,[pre-commit.ci] pre-commit autoupdate,1
3502cc951bc8b16ffb7fc90d8cecf059b214a167,David Lord,2023-02-02 17:01:21+00:00,others,Merge pull request #4952 from muffinmad/patch-1,3
f45bc5995cb33cb47afcd5f2683924e84ef01516,David Lord,2023-02-02 17:01:03+00:00,bugfix,Merge pull request #4960 from owgreen/fix_appfactories_doc,3
9abe28130d4f0aff48b4f9931ebc15bd7617f19f,owgreen,2023-02-02 15:43:02+00:00,bugfix,fix doc,3
88069bd417f5fd0e271a83768391a280267d2994,David Lord,2023-02-01 16:55:09+00:00,others,Merge pull request #4959 from pallets/dependabot/github_actions/actions/cache-3.2.4,2
f8228910657f964f15f771e297be37e5a4c0a7b3,David Lord,2023-02-01 16:54:52+00:00,others,Merge pull request #4958 from pallets/dependabot/github_actions/actions/setup-python-4.5.0,2
74c256872b5f0be65e9f71b91a73ac4b02647298,dependabot[bot],2023-02-01 16:01:30+00:00,others,Bump actions/cache from 3.2.3 to 3.2.4,2
94a23a3e24b6736ca3b54773de0ce384270c457a,dependabot[bot],2023-02-01 16:01:23+00:00,others,Bump actions/setup-python from 4.4.0 to 4.5.0,2
d93760d8bd6e367faefe9ad550f753e32ef9a12d,Andrii Kolomoiets,2023-01-23 15:01:49+00:00,bugfix,Fix function argument name,0
ef85270d9ada6d9b25beabb4602047fc91eef2f9,David Lord,2023-01-20 21:50:23+00:00,others,Merge branch '2.2.x',4
39fc0c6badd3e9d2537c7baa765d9cc80a8a8d47,David Lord,2023-01-20 21:49:30+00:00,others,Merge pull request #4949 from pallets/publish-workflow,4
0b4b61146ffca0f7dfc25f1b245df89442293335,David Lord,2023-01-20 21:45:15+00:00,others,"build, provenance, publish workflow",4
99b34f7148b77d4b1311593590629c2bc8e8e772,David Lord,2023-01-18 18:31:08+00:00,others,move and update flake8 config,2
3a35977d5fbcc424688d32154d250bc0bae918d6,David Lord,2023-01-19 14:35:15+00:00,others,stop ignoring flake8 e402,3
78b42b9ac288c20c107a3b6779c322acb45be3d4,David Lord,2023-01-18 18:38:38+00:00,others,Merge pull request #4947 from pallets/pyproject,2
261e4a6cf287180b69c4db407791e43ce90e50ad,David Lord,2023-01-18 18:31:08+00:00,bugfix,fix flake8 bugbear errors,2
8f13f5b6d672f1ba434f9c8ebe2c1b1dd385962e,David Lord,2023-01-18 18:21:37+00:00,docs,update docs and examples for pyproject,2
6d6d986fc502c2c24fe3db0ec0dbb062d053e068,David Lord,2023-01-18 17:50:41+00:00,others,switch to pyproject.toml,2
9da947a279d5ed5958609e0b6ec690160c496480,David Lord,2023-01-09 20:45:16+00:00,others,set workflow permissions,0
3812a52e96d8dd0630eb3263485bce6da5cda07c,David Lord,2023-01-09 20:39:48+00:00,others,Merge branch '2.2.x',0
8bfc0581e7b81240b3d672da73e9a0a2e848c3b3,David Lord,2023-01-09 19:11:02+00:00,others,Merge pull request #4942 from bhushan-mohanraj/patch-2,0
a7487701999fee55bb76a393e72c96ac8e277fcf,Bhushan Mohanraj,2023-01-07 03:14:03+00:00,docs,clarify `View.as_view` docstring,5
4a0f658897dfcb86fad09d0411e74f0658ae72f1,David Lord,2023-01-09 18:42:14+00:00,others,Merge pull request #4943 from pallets/update-python,0
2a9d16d01189249749324141f0c294b31bf7ba6b,David Lord,2023-01-09 18:37:04+00:00,others,update tested python versions,0
836866dc19218832cf02f8b04911060ac92bfc0b,David Lord,2023-01-04 21:06:35+00:00,others,Merge pull request #4935 from pgjones/subdomain,2
cabda5935322d75e7aedb3ee6d59fb7ab62bd674,pgjones,2023-01-04 16:45:20+00:00,bugfix,Ensure that blueprint subdomains suffix-chain,2
d7b6c1f6703df405c69da45e7e0ba3d1aed512ce,Josh Michael Karamuth,2022-10-31 08:49:16+00:00,bugfix,Fix subdomain inheritance for nested blueprints.,0
fa1ee7066807c21256e90089731c548b313394d2,David Lord,2023-01-03 15:24:17+00:00,others,Merge pull request #4933 from pallets/dependabot/github_actions/dessant/lock-threads-4,1
bb1f83c26586f1aa254d67a67e6b692034b4cb4a,dependabot[bot],2023-01-01 16:01:00+00:00,others,Bump dessant/lock-threads from 3 to 4,6
74e5263c88e51bb442879ab863a5d03292fc0a33,David Lord,2022-12-29 17:52:18+00:00,bugfix,new run debug docs,3
eeebb5adc7bc30c79975dece8119b82ddc063130,David Lord,2022-12-29 17:51:58+00:00,others,Merge branch '2.2.x',3
4d69165ab6e17fa754139d348cdfd9edacbcb999,David Lord,2022-12-29 17:51:34+00:00,bugfix,revert run debug docs,3
910179f9b0999685f5594284f0dc1577392034bd,David Lord,2022-12-24 22:31:07+00:00,others,Merge branch '2.2.x',5
229dcbb5ce3fd935974d923be84ad1bf9efb61e8,David Lord,2022-12-24 22:28:21+00:00,bugfix,Merge pull request #4779 from greyli/add-debug-to-run,5
bd26928fdb2476fca62f0e621e8f2870250ac2bc,Grey Li,2022-08-23 04:44:50+00:00,bugfix,Prefer flask run --debug in docs,1
4bc0e4943dfa637361aec2bb18dc9e1fabeaad12,Grey Li,2022-08-21 09:36:30+00:00,bugfix,Add --debug option to flask run,6
79032ca5f1c4747e5aeaa193bdeb2e4eae410ea6,Jonah Lawrence,2022-10-30 14:55:51+00:00,feature,Add .svg to select_jinja_autoescape (#4840),6
7464e17c5e61a480b65ecff611cd7bb16f80266b,David Lord,2022-12-24 18:21:59+00:00,others,Merge branch '2.2.x',5
631b6dd54619f5e71134297e3daa9bdbd1bc123b,David Lord,2022-12-24 18:20:56+00:00,bugfix,Merge pull request #4921 from ivanovmg/fix/template_folder,5
09112cfc477a270f4b2990e1daf39db1dbe30e98,Maxim G. Ivanov,2022-12-22 17:19:18+00:00,others,template_folder type allows pathlib,3
d9e56c7f4b04b050b28cf90778f44dcb2e0287f4,David Lord,2022-12-24 18:07:46+00:00,bugfix,Merge pull request #4920 from ivanovmg/fix/link,5
677a0468481a0f620bdb217e8f1a24ebe94681e5,Maxim G. Ivanov,2022-12-22 16:23:23+00:00,bugfix,"Fix URL ""committing as you go""",3
d8fe178aa635c8cc584fae86435824bd97595100,David Lord,2022-12-24 17:57:53+00:00,bugfix,Merge pull request #4920 from ivanovmg/fix/link,5
6fcf6d00bd36f7c3c51115199615dc93c4a3007a,Maxim G. Ivanov,2022-12-22 16:23:23+00:00,bugfix,"Fix URL ""committing as you go""",3
55cdb420a02e6d58386f37c748794e05aec0f2d2,David Lord,2022-12-24 17:36:40+00:00,docs,Merge pull request #4926 from pallets/docs-inheritance,5
1a68768e6b0aa19bd670ca050ad81adff55ba479,Asif Saif Uddin,2022-12-01 12:57:08+00:00,docs,python 2 style inheritance clean up from docs,3
1373f70dc648f9f16032ea1e9b13f3fb59a8f612,David Lord,2022-12-24 17:25:43+00:00,others,Merge pull request #4922 from pallets/update-requirements,5
8e3128b9893ba4ec8d120e1c2f479f61bd10a476,David Lord,2022-12-22 17:30:31+00:00,others,ignore flake8 b905 zip(strict=True) until python 3.10,3
43bc7330cece1dbe75e7d6c326a0dea8d5652699,David Lord,2022-12-22 17:23:48+00:00,others,update requirements,3
d36a379a0fa1f83e539da6f305c7fbaa9122e886,Grey Li,2022-12-22 13:48:45+00:00,bugfix,Merge pull request #4913 from ivanovmg/fix/var-name,3
43ef559de3ecb1915aabe8156f357d7ac4cd22b3,Maxim G. Ivanov,2022-12-21 03:41:11+00:00,bugfix,Fix varname in docs,2
dcdcac2f3a48d992a94dcc4598dccbd612dae099,David Lord,2022-12-14 00:36:49+00:00,others,Merge pull request #4907 from rayanth/patch-1,2
95b666871c7a89f2793952ea06d1c45e0ae5a38a,rayanth,2022-12-13 21:27:38+00:00,others,Update api.rst,1
3d4acf0ca07b8c513bac1f43c25b870ff6c071c9,Grey Li,2022-12-10 05:42:03+00:00,others,Merge pull request #4899 from pallets/pre-commit-ci-update-config,5
3e932aa103661e78a0946e15f35b9f4da3908d39,pre-commit-ci[bot],2022-12-06 00:34:53+00:00,others,[pre-commit.ci] pre-commit autoupdate,1
b5ec83b6970fe94450310d8fecd811a22d6287a7,David Lord,2022-11-27 14:51:08+00:00,others,Merge pull request #4882 from Abdur-rahmaanJ/patch-4,6
29697fffb4cf4d2f2eafae8ca6c049d530cde1a1,David Lord,2022-11-27 14:50:46+00:00,docs,Merge pull request #4883 from Dosenpfand/doc-extension-dev-2.2.x,6
9a294a640141ea8ab108e5c0964d75d91a636c0a,Dosenpfand,2022-11-27 11:53:08+00:00,bugfix,Fix class-based views example,6
d951a763fb90ff3edb5aede5198198ee5d30d44e,Abdur-Rahmaan Janhangeer,2022-11-27 09:51:09+00:00,bugfix,Fix backstick not rendering.,6
066a35dd322f689ec07d7c0e82b19eacadac3c6b,David Lord,2022-11-25 15:51:37+00:00,others,Merge branch '2.2.x',4
618fdc86000d161d29bd8de70f998780474cfa28,David Lord,2022-11-25 15:43:46+00:00,others,Merge pull request #4879 from pallets/requirements,4
d178653b5f7a5ee2ba15e215ce60caeeb9ed82e1,David Lord,2022-11-25 15:39:54+00:00,others,update requirements,4
9f99425aaf3433c892d0aeb941427f0766b02e2d,pre-commit-ci[bot],2022-11-08 04:38:32+00:00,others,[pre-commit.ci] pre-commit autoupdate (#4862),1
35c6595202c7b46a7d2a082e44250e3bfbe1aa41,Grey Li,2022-11-01 01:41:21+00:00,others,Merge pull request #4858 from pallets/pre-commit-ci-update-config,1
9daddd12719a098ff33556fcc34c0b7cf33120ca,pre-commit-ci[bot],2022-11-01 00:06:23+00:00,others,[pre-commit.ci] pre-commit autoupdate,1
2a54cfa5cecf4dd9f17525bf3ebae4d33a155776,Grey Li,2022-10-30 15:00:37+00:00,others,Merge pull request #4847 from mhsmathew/patch-1,6
cc66213e579d6b35d9951c21b685d0078f373c44,Jonah Lawrence,2022-10-30 14:55:51+00:00,feature,Add .svg to select_jinja_autoescape (#4840),6
5dfd2126a6d5210096ec6ba1ead471b79dc8bd17,Mat Steininger,2022-10-15 22:34:37+00:00,bugfix,Fixed inconsistent double spacing in docs/api.rst,5
e7c82f9c47083b513b1f1b4cbc383c82c3084669,David Lord,2022-10-19 14:16:04+00:00,others,Merge pull request #4833 from pallets/pre-commit-ci-update-config,2
3dc6db9d0cfddcfb971c382b014bb56ac3761d3c,David Lord,2022-10-05 03:09:06+00:00,others,Merge pull request #4835 from TehBrian/2.2.x,2
75e92090ee43642ad0608edc8bc5d4dc5e84dec8,TehBrian,2022-10-05 01:12:13+00:00,bugfix,fix typo in quickstart,2
c7da6d74a89753405203e2ee7d19dda74b38b493,pre-commit-ci[bot],2022-10-03 23:30:28+00:00,others,[pre-commit.ci] pre-commit autoupdate,0
0d8c8ba71bc6362e6ea9af08146dc97e1a0a8abc,Yang Yang,2022-09-18 11:53:47+00:00,bugfix,Fix docstring of test_request_context (#4821),6
9c3deeee963e62dfb60c9343fad4ec2ec752fdba,Maksim Salau,2022-09-14 13:08:38+00:00,bugfix,Fix argument in `register_api()` in docs/view.rst (#4818),2
2c7877123880d44f5d964c7370ed5dd4dbc45ad2,waffle-stomper,2022-09-14 13:07:20+00:00,bugfix,Fix missing assignment in MethodView example (#4815),2
c34c84b69085e6bce67d0701b8f8ba3145f42ff2,David Lord,2022-09-11 13:33:56+00:00,others,Merge branch '2.2.x',6
7c01fbcd06c5d86c20bdc893a8caaba7ccb888f9,David Lord,2022-09-11 13:33:44+00:00,others,update requirements,6
8811ae037a70621fdca8b109d155ff4aed0eb662,pre-commit-ci[bot],2022-09-07 19:07:20+00:00,others,[pre-commit.ci] pre-commit autoupdate (#4806),2
00be8d24ac3a2a68f35011001e3b0b0550501afd,David Lord,2022-09-02 15:53:04+00:00,others,Merge branch '2.2.x',4
e7b2ce9a50c4a3a1ff5d032f201ed43d8cd39f17,Isaac Woodruff,2022-09-02 15:52:13+00:00,feature,Add missing .dev to version (#4801),4
73b9bacbf7e7440e5a8a65e61fecfe3d0ce75579,David Lord,2022-08-27 13:04:55+00:00,others,Merge branch '2.2.x',5
ce6ad90ecf79daf759e177e0403f27c469c7f6a8,David Lord,2022-08-27 13:03:46+00:00,others,remove heroku link,5
00bdc2b448a10c690b159d778391fe23852cfc08,Kevin Kirsche,2022-08-22 16:05:52+00:00,bugfix,fix: remove obsolete `zip_safe` (#4783),0
212b72a1feeae69739fb50fc5ab11d1c025350bc,David Lord,2022-08-22 16:00:33+00:00,others,start version 2.2.3,0
56a95f6ff6b14d26a8aad124bf08484e2b4be21f,David Lord,2022-08-21 14:56:09+00:00,bugfix,Merge pull request #4780 from tjrhines1/config-fix-docstring,6
746455d1038fd5479f396cbf2d19b48edfeb8290,Thomas Rhines,2022-08-14 22:59:19+00:00,bugfix,Fix misrendered docstring,6
e0c157f7ee99bde3376e456a914bb07260eb6017,David Lord,2022-08-17 16:24:58+00:00,others,Merge pull request #4772 from DillonB07/patch-1,2
86bf3f205feaa86e149674cd0f23a14f3e5c2e22,Dillon Barnes,2022-08-17 16:00:25+00:00,others,Correct `waitress-serve` command,2
2d3f72574dcb9026c3fed6b68568351a4b18a69a,David Lord,2022-08-15 19:37:11+00:00,bugfix,fix typo,0
d94634b1beaf81afea662692874fdaa4c8a6bd89,David Lord,2022-08-15 14:34:50+00:00,bugfix,fix view docs,0
1d07857b1ddd2c0aef6d09436b307eb7abfdbd39,David Lord,2022-08-15 14:29:34+00:00,bugfix,fix typo,0
b0b27785ae2a94bb41a9750ae9a0aaea8ae2dc35,Grey Li,2022-08-13 02:22:10+00:00,others,Merge pull request #4760 from oguzhancelikarslan/patch-1,5
77cdefcceeb90e261977493318bc8e71c5b15c33,Oğuzhan Çelikarslan,2022-08-12 10:26:26+00:00,bugfix,Fix typo,4
062a096f4056c78956a6d12d2a04f2cef5180af6,Grey Li,2022-08-09 14:08:08+00:00,others,Merge pull request #4758 from tautv/patch-1,1
5b2e9e946bd1e024795d54b9daa489ead6b7a995,Grey Li,2022-08-09 14:03:39+00:00,bugfix,Merge pull request #4757 from prohde/fix-4756,1
22b6296830113827810d4e89c634f8153020f097,tautv,2022-08-09 08:45:02+00:00,others,Update javascript.rst,1
00b07c863ec147256b68f71c3fe9b6b2f9dbe6bc,Philipp Rohde,2022-08-09 07:48:02+00:00,bugfix,fix typo,1
36af821edf741562cdcb6c60d63f23fa9a1d8776,David Lord,2022-08-08 23:28:50+00:00,others,Merge branch '2.2.x',0
a1c478bc93d3dc018a6e7a1ba3cf5409553c9df3,David Lord,2022-08-08 23:24:25+00:00,others,Merge pull request #4755 from pallets/release-2.2.2,0
43d2fff317aec64a000604a764b8ab2dc751c753,David Lord,2022-08-08 23:21:40+00:00,others,release version 2.2.2,0
e9af7c23ae19fcc50781b7711f4672c113636892,David Lord,2022-08-08 23:19:32+00:00,others,Merge pull request #4754 from pallets/werkzeug-version,0
de16718b39e3544688130339a0813997e3790c48,David Lord,2022-08-08 23:14:00+00:00,others,require werkzeug >= 2.2.2,0
c779ac4f5f9046ce614c7ea30dee4838541b84b5,David Lord,2022-08-08 17:28:08+00:00,others,Merge branch '2.2.x',0
6ab3cb8d0cb1fa28dd2e0118c07e481720bd684a,David Lord,2022-08-08 17:27:57+00:00,bugfix,fix issue number,0
87584e89fe65dfb76654ba65360d0b3ce32d44e2,David Lord,2022-08-05 18:35:36+00:00,others,Merge branch '2.2.x',4
e3eaafb56e3914676755fce6f67256599fb3fc64,David Lord,2022-08-05 18:35:15+00:00,others,Merge pull request #4749 from pallets/shell-env,4
e3df23374cdb9342a823556170c53c9d987d0d33,David Lord,2022-08-05 18:29:39+00:00,others,remove env from shell banner,4
a0458efef6c8a5669bb6e78044a290bf560f962b,David Lord,2022-08-05 18:28:22+00:00,docs,refactor or remove old docs (#4748),4
795d3e25aae40031ec9021f08aba54fe7a5b5e5a,David Lord,2022-08-04 14:32:51+00:00,others,Merge branch '2.2.x',3
45b2c99c1f6a884376d54bbb25223edad65596c5,David Lord,2022-08-04 14:27:50+00:00,others,Merge pull request #4742 from pallets/env-default,3
a6a7a57380cd8f7410753c3b819ba6d09198d8c9,David Lord,2022-08-04 14:24:20+00:00,bugfix,fix default value of app.env,3
4984753dbf5a247f46e2903011c981d0709973ff,David Lord,2022-08-04 14:21:17+00:00,others,start version 2.2.2,3
21aaf0ef9a21bfb8f27fdc74072a09803d9ab6fd,David Lord,2022-08-04 00:09:43+00:00,others,Merge branch '2.2.x',3
85f79e1a2360c3589b228410c39e208b8514b5b9,David Lord,2022-08-03 23:51:22+00:00,others,Merge pull request #4736 from pallets/release-2.2.1,2
52c54b2ce1e392c5d5cd9339a4a069e91edd1d01,David Lord,2022-08-03 23:40:28+00:00,others,release version 2.2.1,2
0d87b22314d7d0f1a0aa6c3be340095412f6637e,David Lord,2022-08-03 23:39:35+00:00,others,update requirements,2
723a3a6ffdb2c84eb7883d0852ec7d41fed751c0,David Lord,2022-08-03 17:02:18+00:00,others,Merge pull request #4735 from pallets/json_encoder-warning,2
714ccefeca33db9e87e8ef4abd0008af05c32a4d,David Lord,2022-08-03 16:11:37+00:00,others,show deprecation warning on json_encoder/decoder access,2
9a1b25fce4ddd553d7cba01bab3df5841a24aeff,David Lord,2022-08-03 13:47:31+00:00,others,start version 2.2.1,2
cb4ee201179f7c414fbcd02145a1147f2793fa46,David Lord,2022-08-02 00:46:58+00:00,others,pre-commit updates latest release branch,1
01dec1889127a3fc09eaa0dac905559740842992,David Lord,2022-08-02 00:46:38+00:00,others,start version 2.3.0,1
b17bb9ed563ab2857c0db9a07ec4e6407404c7be,David Lord,2022-08-02 00:12:09+00:00,others,Merge pull request #4710 from pallets/release-2.2.0,1
292c7e5c5db14824a23bbd6fdfe69f62015aee20,David Lord,2022-07-26 16:40:02+00:00,others,release version 2.2.0,1
f3bb9b25665d5d141d899979116ad62d771815cc,David Lord,2022-08-02 00:07:58+00:00,others,Merge branch '2.1.x',1
ac1bb97679f2b778bd89580fac2f461ff77c716a,David Lord,2022-08-02 00:07:27+00:00,others,Merge pull request #4721 from pallets/pre-commit-ci-update-config,1
cfd5783a984c81828e79641b5d761a56633fa0e8,David Lord,2022-08-02 00:04:12+00:00,others,Merge pull request #4722 from pallets/deprecate-config-attrs,1
bfdd37110c67ebeb42061fb43cf684b05291241f,David Lord,2022-08-01 23:53:15+00:00,others,deprecate config attributes,0
6f9ef112865eae12684aa74924ee08504044a62d,pre-commit-ci[bot],2022-08-01 23:18:11+00:00,others,[pre-commit.ci] pre-commit autoupdate,0
98ca00d54532bfdf858fe663f8fb3cc260c2048b,David Lord,2022-08-01 22:19:16+00:00,others,Merge pull request #4720 from pallets/deprecate-env,0
30427a209043bfb9730904e0c34b0dbc40bd21f4,David Lord,2022-08-01 22:11:35+00:00,docs,remove FLASK_ENV from docs,0
ef95998d79eed3b8350d8db825e3d98f25c179f2,David Lord,2022-08-01 22:11:21+00:00,others,deprecate FLASK_ENV,0
4c08e3a2ba3d42fbee63577bceedfe325f51b81d,David Lord,2022-08-01 18:39:31+00:00,others,update pycharm instructions,0
3e5ca2902e1de0ceb8dc83d087274db61070b17d,David Lord,2022-08-01 17:56:14+00:00,others,Merge pull request #4719 from pallets/remove-lazy-option,0
7d53a129cf1b28f1a88491ae50877473b68bdb54,David Lord,2022-08-01 17:52:12+00:00,others,remove __traceback_hide__,0
633f421031c9c18b56177b0d42adcb505b4627b1,David Lord,2022-08-01 17:44:31+00:00,others,Merge pull request #4718 from pallets/remove-lazy-option,0
5d8e35653fca0d7ee01519d556c7851089de82ea,David Lord,2022-08-01 16:13:01+00:00,refactor,refactor lazy loading,0
095651be9eec58ddb0c2eb6158318b1c703c67c5,David Lord,2022-07-25 14:35:17+00:00,bugfix,fix has_app_context and has_request_context,0
02a08512527f997e43d1c01d03d4d473cab3b239,David Lord,2022-07-25 02:37:30+00:00,others,Merge branch '2.1.x',0
363be75e8401350d4f1b131723991d382fce83c6,David Lord,2022-07-25 02:35:44+00:00,others,remove reference links from changelog,0
2869ddf50ce8dbf590a5a6992ffc7bbd096884a3,David Lord,2022-07-25 02:35:28+00:00,others,update blinker intersphinx link,0
add53e190cf90b01b37914f810a370a0cd681800,David Lord,2022-07-25 01:40:52+00:00,others,require Werkzeug 2.2,0
900e11850a201717599fb12fb7cd76c37078206d,David Lord,2022-07-14 21:17:38+00:00,others,Merge pull request #4695 from zr40/allow-typeddict-as-responsevalue,3
4bf7415a9692b0c1a69cd50a17c1cbda4a75931b,Matthijs van der Vleuten,2022-07-14 09:22:22+00:00,others,allow TypedDict as a response value,3
76a6b4f2b56bebf1262377ba5b39b7951155b54d,David Lord,2022-07-13 21:03:01+00:00,others,Merge branch '2.1.x',2
4f01c68a4bcabf7dde010b7c602f2811aa89a852,David Lord,2022-07-13 21:02:50+00:00,bugfix,fix issue link,2
48fe96588c5318be34c843233ada92c7787e720d,David Lord,2022-07-13 20:58:07+00:00,others,Merge branch '2.1.x',2
187d7179f605d28c3d24e9f4d65d3295fb099afe,David Lord,2022-07-13 20:54:33+00:00,others,Merge pull request #4694 from pallets/release-2.1.3,2
134aebe60115716b962a95a0dd31bf72c5417941,David Lord,2022-07-13 20:51:42+00:00,others,release version 2.1.3,2
a7859c6947ffc3e74007c23646cf74518230f0fb,David Lord,2022-07-13 20:50:05+00:00,others,Merge pull request #4693 from Yourun-proger/msg_app_ctx,2
58f3536a8f5dfc18e559c518ae38cba52bec90a9,Yourun-Proger,2022-07-13 19:48:28+00:00,others,error for render_template outside app context,2
7096b2c4b13660998ad9a7bc845c3e6c5779afaa,David Lord,2022-07-13 20:39:51+00:00,others,update requirements,2
67310ab49613be97a121053dfbbced14657b96eb,David Lord,2022-07-13 16:55:00+00:00,others,Merge pull request #4692 from pallets/json-provider,2
69f9845ef2da3051d74d4dade3e88ccf5b2ee3de,David Lord,2022-07-13 14:41:43+00:00,feature,add json provider interface,2
c356c6da5f25ba70bd53448ff1d1bf6ad6967fd5,David Lord,2022-07-11 23:50:10+00:00,others,Merge pull request #4687 from Jalkhov/patch-1,0
03b410066b96f63ba2a215750f881d5bebb78a29,Pedro Torcatt,2022-07-11 22:02:00+00:00,bugfix,Fix docs/CHANGES.rst typo,0
4696156278c5d3f05fb09d1a605b6866b49ffbcb,David Lord,2022-07-10 11:36:55+00:00,others,Merge pull request #4686 from Jalkhov/main,6
58ecacd271c2a07018cb6f65da164d4bed1e14ea,Pedro Torcatt,2022-07-10 11:22:56+00:00,others,Change Roll back by Rever,6
5775d1e9b1a031c7bc3bf1463acb3289594ab3e4,David Lord,2022-07-09 12:44:52+00:00,others,Merge pull request #4685 from pgjones/name,5
91044c4d769efa7f20455e1b70457a7da95c26d8,pgjones,2022-07-09 12:41:35+00:00,others,Change _cv_req -> _cv_request,5
979e0adbacfb3c5cc1ac678b4ef5373dadde83d3,David Lord,2022-07-08 19:02:18+00:00,bugfix,fix pr link,4
cbebdae698272eeea2739988ccce54b1f14a1a67,David Lord,2022-07-08 18:58:44+00:00,refactor,Merge pull request #4682 from pallets/refactor-context-stack,4
e0dad454810dd081947d3ca2ff376c5096185698,David Lord,2022-07-08 14:08:54+00:00,docs,update docs about contexts,4
82c2e0366ce6b74a3786a64631ce58b85b3a7d4e,David Lord,2022-07-05 13:33:03+00:00,others,remove uses of LocalStack,1
d597db67ded68d4aedf42b9d1d4570573fb79cd6,David Lord,2022-07-05 05:50:51+00:00,others,contexts no longer use LocalStack,1
0b2f809f9b56861dae3ae5154d73b4afaf632a0a,David Lord,2022-06-27 14:57:03+00:00,others,access names as proxies directly,0
89463cb77c7f3830c308cdfcc250255fd7377d01,David Lord,2022-07-08 17:58:29+00:00,others,require Werkzeug 2.2,4
94233fc8c07fdd11cf6b3309de8bb12368aa802a,David Lord,2022-07-08 17:28:01+00:00,others,Merge pull request #4681 from earlruby/patch-1,4
6751f68560bfa7c51133d2712830645ed551ace8,Earl C. Ruby III,2022-07-08 17:21:42+00:00,feature,New URL for the Quart project,4
c757882808a7e4e29636e433463435a7eed5b952,David Lord,2022-07-08 13:41:56+00:00,others,Merge pull request #4680 from pgjones/typing-test,4
2f1d1d625697b9eca82dc8b2f46fff24dace63b1,pgjones,2022-07-08 13:33:20+00:00,feature,Add further typing tests,4
9b44bf2818d8e3cde422ad7f43fb33dfc6737289,Phil Jones,2022-07-06 21:05:20+00:00,others,Improve decorator typing (#4676),2
cafe68e1edb8902f2dab977af9d848928ce1ecc6,David Lord,2022-07-06 12:33:05+00:00,others,Merge pull request #4675 from tiesjan/2.1.x,2
9dfcb90c92e13f2d92cb723cb834b5e0d666a2f5,Ties Jan Hefting,2022-07-06 09:38:33+00:00,docs,Document serialization of Decimal in JSONEncoder,2
d7482cd765351e7495bfce45f9fb55732e91ab3a,David Lord,2022-07-05 00:03:08+00:00,others,Merge branch '2.1.x',1
e4c4fd57710097c7405f7b185b9048c1c8c72d3e,David Lord,2022-07-04 22:55:54+00:00,others,Merge pull request #4674 from pallets/pre-commit-ci-update-config,0
e9d0000fc152108948144def06b2ac84524bffcc,pre-commit-ci[bot],2022-07-04 22:37:19+00:00,others,[pre-commit.ci] pre-commit autoupdate,0
50df54e4c7fb06df51a89d8f363e2997d2310449,David Lord,2022-07-04 15:35:36+00:00,others,explain workflow,0
559a8458c4187b3cc12b1ea5a92a393c7fbdc765,David Lord,2022-07-03 04:48:06+00:00,others,Merge pull request #4672 from greyli/return-list,6
60b845ebabeb77e401186f4b83de21d3f9c6a9d7,David Lord,2022-07-03 04:40:20+00:00,others,update typing tests for json,6
f8cb0b0dd5ea30729db6b131aeeb30915ea4860b,David Lord,2022-07-03 04:32:55+00:00,docs,update docs about json,6
ca2bfbb0ac66fbbeeedbf6bbe317bee45cb23d29,Grey Li,2022-07-02 02:39:18+00:00,feature,Support returning list as JSON,5
1626aff602e3316642e69927333041370095c321,David Lord,2022-07-03 04:03:09+00:00,others,Merge branch '2.1.x',6
ab6a8b0330845c80d661a748314691302ea7d8f7,David Lord,2022-07-03 04:02:00+00:00,others,relax routes cli match order,6
c99f07d3e4b463174d1b25cc813e2df76c182773,David Lord,2022-07-01 21:14:37+00:00,others,Merge pull request #4667 from pallets/remove-deprecated-code,4
c2810ffdd2f2becbc37d35f63b69034b8b9ed5b8,David Lord,2022-07-01 20:59:44+00:00,others,remove deprecated send_file argument names,4
9e686d93b69f0e73f801cc11a57839f4dfe2ca1a,David Lord,2022-07-01 20:44:31+00:00,others,remove deprecated RequestContext.g,4
96d39c87a803e3a92152787a12d09bbc149556ec,David Lord,2022-07-01 20:32:50+00:00,others,Merge remote-tracking branch 'origin/2.1.x',4
6916697a982df775a66a1ac9971985e5fa213f2b,David Lord,2022-07-01 19:35:24+00:00,bugfix,Merge pull request #4666 from pallets/debug-context,4
84c722044ad03f7f5384f5314c8350b3a13d8dfa,David Lord,2022-06-30 04:02:44+00:00,bugfix,new debug/test preserve context implementation,3
57a95e82b7194f1809ac9f626140ab1e497e121f,David Lord,2022-07-01 16:45:43+00:00,others,Merge pull request #4665 from pallets/dependabot/github_actions/actions/setup-python-4,4
2589328485f51ad17afda682dd84a83da4e4e38e,dependabot[bot],2022-07-01 16:05:52+00:00,others,Bump actions/setup-python from 3 to 4,4
3635583ce27f70a3d9efd1e2212d5efc1d256333,David Lord,2022-06-30 04:21:52+00:00,bugfix,Merge pull request #4662 from pallets/fix-run-skip,3
5544d09477af3221d988ec18b086930c2d9e67cd,David Lord,2022-06-30 04:11:58+00:00,feature,re-add flag to skip unguarded app.run from CLI,3
12d3f4fdf0b91a1b367dcda0421dfcd0774b6dd2,David Lord,2022-06-28 23:38:09+00:00,docs,Merge pull request #4658 from pallets/docs-extension-dev,1
b46bfcfa63e3c7b32b66dd4870f1c8c17fe1cb46,David Lord,2022-06-28 23:28:33+00:00,docs,rewrite extension development docs,1
0a01248b5cee9d47363207687660708d5ba3ee4b,David Lord,2022-06-28 13:27:24+00:00,others,Merge pull request #4654 from hankhank10/main,1
64ab59817dedd7959b4b38d47403c86415f4a322,hankhank10,2022-06-26 09:14:40+00:00,others,show separate HTTP method route decorators in quickstart,6
f6be300c4284527f76f910fe0d6f07d72a10a52b,David Lord,2022-06-23 13:00:33+00:00,others,Merge pull request #4652 from hankhank10/2.1.x,3
abcb6c96777794da1142b0117f8c57f95cba65b7,hankhank10,2022-06-23 09:59:43+00:00,others,Update javascript.rst,3
ab36542260c61f178b6e8f61312b706ac4c5f73e,David Lord,2022-06-18 19:24:13+00:00,others,Merge pull request #4629 from pgjones/generate,5
46433e9807a1c960d6b2bb0e125cf16a90167d97,pgjones,2022-06-09 08:21:48+00:00,feature,add generate_template and generate_template_string functions,3
762382e436062183b1e1fa6f3bda594090a452e7,pgjones,2022-06-09 08:30:21+00:00,others,view functions can return generators as responses directly,3
7f2a0f4806e40fb5c139b5b20ca443948ce1f4dd,David Lord,2022-06-17 19:05:19+00:00,others,Merge pull request #4645 from kkirsche/patch-2,4
ed42e9292811a95f2a68e06a9ae50cb5872216a3,Kevin Kirsche,2022-06-17 14:38:17+00:00,others,session expiration datetime is UTC timezone-aware,4
cec5f74110a7369992be1651c24b695d9fe55ab3,David Lord,2022-06-17 18:57:22+00:00,others,Merge pull request #4647 from pallets/cli-app_context,4
c9e000b9cea2e117218d460874d86301fbb43c43,David Lord,2022-06-17 18:14:22+00:00,others,with_appcontext lasts for the lifetime of the click context,4
ae547270e935b08d4deada9e28b049ff53debefe,David Lord,2022-06-17 16:30:28+00:00,others,Merge pull request #4646 from pallets/cli-app-env,4
ab1fbef29a073fe5950ea2357f6a3a0d280eb506,David Lord,2022-06-17 16:26:26+00:00,docs,prefer --app over FLASK_APP in docs,4
99fa3c36abc03cd5b3407df34dce74e879ea377a,David Lord,2022-06-17 14:54:06+00:00,bugfix,"add --app, --env, --debug, and --env-file CLI options",4
fe4003b3c998fde4c9ad8b2340f773f50079ede1,David Lord,2022-06-15 21:17:45+00:00,others,Merge pull request #4642 from pallets/cli-nest,2
aa801c431ad1f979bce3ea1afbd88e7796ebfd7e,David Lord,2022-06-15 21:07:00+00:00,others,FlaskGroup can be nested,2
4f03a769d44f6740490dd4ddf70e094c12a6090c,David Lord,2022-06-15 19:45:22+00:00,others,edit some cli messages,2
9c50b8fc1ca160803f7368fc44f12591da856fd4,David Lord,2022-06-13 13:08:45+00:00,bugfix,fix formatting,0
97298e06fe19298c3ff9d2e0ed9ba70bb3fda2c8,David Lord,2022-06-12 23:04:01+00:00,others,Merge branch '2.1.x',6
a9878c018bdecc377788204a3bc93497ec1f050a,David Lord,2022-06-12 23:03:51+00:00,others,remove mod_wsgi-standalone,6
9139af1c62a171555213c07fe41a2b8a7c2b26fc,David Lord,2022-06-12 21:10:51+00:00,others,Merge branch '2.1.x',6
b0a144d0c0acacab9d6cc7ced256d0e841ec8009,David Lord,2022-06-12 21:03:55+00:00,docs,Merge pull request #4637 from pallets/docs-deploy,6
2ea77c278282f04a8a18c3ced88ef1e048f8ed4a,David Lord,2022-06-12 20:45:31+00:00,docs,rewrite deployment docs,6
dcd1a1e0b67cefc5e41d363dad5f57ef9668e965,David Lord,2022-06-11 21:16:51+00:00,others,Merge branch '2.1.x',5
9398630a8f002b2d1729246846b167eaf1090b92,David Lord,2022-06-11 21:03:01+00:00,docs,Merge pull request #4636 from pallets/docs-javascript,5
2f3c87dcb8492f082a2f3ece444773d9db30171b,David Lord,2022-06-11 20:44:46+00:00,docs,rewrite javascript docs,5
ebc0d30dd1cf21b13569d65e4337d4706e3fd17e,David Lord,2022-06-09 16:24:26+00:00,docs,Merge pull request #4630 from mirskiy/docs-mention-relative,3
9934528c8f7e3aa6f4a1c800cba439e5425a5093,Dan Mirsky,2022-06-09 16:12:10+00:00,docs,Update send_from_directory docstring,3
6f6e3289da182593fb296da072049ade729adeea,David Lord,2022-02-14 18:33:25+00:00,others,remove javascript fetch polyfill,0
db3187fd7ab324d9175d8a1dd8c3919cec58d3b9,David Lord,2022-06-06 22:52:48+00:00,others,Merge pull request #4624 from pallets/view-init-scope,0
45174bf9a1e96e51ce589c7aa2c151249d1fdf11,David Lord,2022-06-06 22:40:04+00:00,others,use __init_subclass__ instead of metaclass for MethodView,0
bab5a65e6eaee20ac1706fc9439ee538f59e652f,David Lord,2022-06-06 22:33:30+00:00,docs,rewrite class-based view docs,0
6e23239567efde1c2e272db87c53444d6c22a1bb,David Lord,2022-06-06 18:04:04+00:00,feature,add View.init_every_request attribute,0
aab1d9935e17e40104a28c89d4c669f7ab3cc579,David Lord,2022-06-06 17:11:00+00:00,others,Merge pull request #4621 from pallets/deprecate-before_first_request,0
96c97dec095f204b8a557c5ea804afdd329e3c43,David Lord,2022-06-06 17:00:21+00:00,others,deprecate before_first_request,0
7a2d5fb6df1f2c066b94dd88686137353ada9cc6,David Lord,2022-06-06 16:30:30+00:00,others,Merge branch '2.1.x',0
c7f2ab8e7a512bd643bc640ce015bbe48e74e16e,David Lord,2022-06-06 16:26:53+00:00,feature,Merge pull request #4610 from eprigorodov/feature-4602-namespace-path,0
b06df0a792ceb5506da47e0c8fea09902c1058f9,David Lord,2022-06-06 16:17:53+00:00,others,remove outdated instance path test,0
3ba37d2afe6511c3f3153248f7342174bea5b131,David Lord,2022-06-06 15:24:05+00:00,bugfix,fix uninstalled package tests under tox,0
88bcf78439b66b5fcba9f4d3a1c56307f98dbf1d,Evgeny Prigorodov,2022-05-26 19:12:36+00:00,bugfix,instance_path for namespace packages uses path closest to submodule,3
fb89745408cc02515815c792355c7e883b2d08a4,David Lord,2022-06-05 22:54:08+00:00,docs,Merge pull request #4579 from lecovi/docs/#4574-test-typing,6
48766754b8e8a16bfb075229eaaf88643c958c4e,David Lord,2022-06-05 22:49:41+00:00,feature,add typing tests to mypy config,6
5e40aa22afb7d3809f9d9559edd9d152b7f7d025,David Lord,2022-06-05 22:45:22+00:00,others,Merge pull request #4620 from Numerlor/remove-extra-backtick,6
3351a8677e5bd1e1b8cfe2860b73b3422cde4f31,David Lord,2022-06-05 22:44:28+00:00,feature,add errorhandler type check tests,6
81be290ec8889c157c84bc7ce857f883396c5daf,David Lord,2022-06-03 19:54:54+00:00,others,view function is actually type checked,4
72cae9ce2b6a5a296b7328df8dd73240e14718e6,Numerlor,2022-06-05 00:57:49+00:00,others,Remove extra backtick,6
696d7c620d97e78ea9ed8870380b5b302d9f9a01,David Lord,2022-06-01 23:10:31+00:00,others,Merge pull request #4617 from nk9/2.1.x,2
5d31ce1031e8ca24dc908c319567a76110edd87e,Nick Kocharhook,2022-06-01 19:16:21+00:00,bugfix,Fix incorrect references to query in testing doc,2
8c6f1d96ded2a22429b1ee7da6c3870cb140b587,lecovi,2022-05-02 18:22:08+00:00,feature,add example code for testing typing tools,0
9e2e1de2fcf185ee9ebe9a546f830792403c9160,David Lord,2022-06-01 18:27:08+00:00,others,Merge branch '2.1.x',2
21d32ee0672c69573303ac78ff308109b06c9c91,David Lord,2022-06-01 18:23:09+00:00,others,update requirements,2
c6e3fc8072cc33b5f2c67ddbb723e71f67c5e9a7,David Lord,2022-05-31 16:10:36+00:00,others,Merge pull request #4613 from citramon/test_for_from_mapping_config_skip_not_upper,1
3ecebcdf8de02818cd409afd6edd39a09248b3ef,Stanislav Bushuev,2022-05-31 15:51:39+00:00,feature,Add test config.from_mapping method: ignoring items with non-upper keys,1
83e96806492bd90c1f866617ec56b07f2a6691c0,David Lord,2022-05-23 20:56:19+00:00,others,Merge pull request #4603 from f3ndot/use-correct-response-type-for-after-request-callable,0
61f62e6005f72c44a90026e2589b6bc5234f2f24,David Lord,2022-05-23 20:15:26+00:00,others,access flask types through namespace alias,0
8cb950671f39c64707b6aaebfc60d7a8f1157da5,Justin Bull,2022-05-19 17:34:46+00:00,others,use bound typevar to accept Flask and Werkzeug Response classes,3
a4f63e0390e4f9aba543514d16479ce6f40e46be,David Lord,2022-05-23 17:54:02+00:00,others,start version 2.1.3,0
60ac0c509202b99ca9a5e3ea04addd93194ca5d0,David Lord,2022-05-23 17:44:48+00:00,feature,Merge pull request #4595 from nkabrown/add-installation-tutorial-link,0
c45c81938a1715eb4bdf9eaf6ac9d75becb8c191,Nathan Brown,2022-05-12 23:57:50+00:00,feature,Add link to additional packaging info,3
ab76703532939d0bbb6257abb9284eb229ed01d4,David Lord,2022-05-23 17:19:59+00:00,docs,Merge pull request #4581 from lecovi/docs/#3871-celery-config,0
9252be9c9ebe46dd6415b24999a869ed87eace57,lecovi,2022-05-02 20:28:23+00:00,feature,docs: new configuration format for celery,0
1888df34405d46ac0e7524d0de9408e37449feaa,David Lord,2022-05-23 17:08:52+00:00,others,Merge remote-tracking branch 'origin/2.1.x',0
d506af1b1f27877f2101a20c6826e99f30427348,David Lord,2022-05-23 17:08:43+00:00,others,update requirements,0
31aad113ff59337436e0308d467da31872f58f0a,David Lord,2022-05-23 16:51:58+00:00,others,Merge pull request #4606 from pallets/cli-imports,0
1232d698600e11dcb83bb5dc349ca785eae02d2f,David Lord,2022-05-23 16:46:20+00:00,others,inline conditional imports for cli behaviors,0
a52a7db6c9760adba6ceefa038b6ab69c207d7f9,David Lord,2022-05-23 16:12:45+00:00,bugfix,Merge pull request #4577 from hallacy/hallacy/fix_4571,0
e044b00047da9bf94e7eb88049a17fe1dcf78f4e,David Lord,2022-05-23 15:50:13+00:00,others,avoid triggering setupmethod late in tests,0
a406c297aafa28074d11ec6fd27c246c70418cb4,David Lord,2022-05-23 15:49:30+00:00,others,apply setupmethod consistently,0
eb36135cfe6a17350617e47b70b9ad383206eded,Chris Hallacy,2022-05-02 17:33:29+00:00,others,always warn on blueprint setupmethod after registration,0
ca8e6217fe450435e024bcff3082d2a37445f7e1,David Lord,2022-05-15 15:54:26+00:00,others,Merge pull request #4596 from pallets/url_for-template,6
69e2300608497bba103fd05735c878c0d642dd68,David Lord,2022-05-15 15:48:07+00:00,others,use app.url_for as template global,6
00e2aac9371d94011279a6340ec3e7ecc86f097e,David Lord,2022-05-14 19:50:37+00:00,others,Merge pull request #4580 from ionesu/move_url_for_to_the_flask_app_object,5
39f93632964ecabfcb9c1980e2add922098aad80,David Lord,2022-05-14 19:43:38+00:00,others,finish moving url_for to app,5
92acd05d9bd33419ab885e4472b28a1d5cc15d2e,Ivan Sushkov,2022-05-02 18:29:55+00:00,feature,add url_for method to app,0
fac630379d31baaa1667894c2b5613304285a4bb,David Lord,2022-05-12 23:30:01+00:00,docs,update app.redirect docs,3
5512a6688193758a24ef0b6825217030da9fed21,David Lord,2022-05-12 20:45:37+00:00,others,Merge pull request #4576 from dzcode/dzcode/4567/abort-implementation,3
eb5dd9f5ef255c578cbbe13c1cb4dd11389d5519,dzcode,2022-05-02 16:16:12+00:00,feature,add aborter object to app,0
a25d234cdddf584528dd6af21db736b6faad27af,David Lord,2022-05-11 16:39:26+00:00,others,Merge remote-tracking branch 'origin/2.1.x',2
542cf30e48881e9e206ec03c507335e5806d127d,David Lord,2022-05-11 16:22:19+00:00,bugfix,Merge pull request #4575 from thoagland/Issue_4569_add_redirect_to_Flask_App,2
fdab801fbbd9de5adbdb3320ca4a1cb116c892f5,Tim Hoagland,2022-05-02 16:44:15+00:00,feature,add redirect method to app,0
e322f32e94ac97981cfc441cb1ae187580b41d37,David Lord,2022-05-10 16:35:05+00:00,others,Merge pull request #4593 from pallets/remove-mailing-list,1
2381044d04cdb058a526c0e27163b4d891d851ed,David Lord,2022-05-10 16:27:54+00:00,others,remove references to mailing list,1
b5c1a4f1f0507d41eff84e1083e61ed85a037e47,David Lord,2022-05-10 16:19:03+00:00,docs,Merge pull request #4591 from moondial-pal/docs-omit-becomingbigrst,1
410a324ec43ca2793a0413d3cd32ca45311e3ff5,Luis Palacios,2022-05-10 05:22:16+00:00,others,remove becomingbig.rst,1
587a49c1bfbe54deb8b0f3324f43c626e537c471,David Lord,2022-05-04 13:07:40+00:00,docs,Merge pull request #4585 from pallets/docs-cli-cwd,2
11195f10838d84df0c5ab7158a99bbb94e34fc5a,David Lord,2022-05-04 13:03:31+00:00,docs,remove outdated dotenv docs,2
bd56d19b167822a9a23e2e9e2a07ccccc36baa8d,David Lord,2022-05-03 18:17:03+00:00,others,Merge pull request #4566 from citramon/improve_coverage,1
a74e266474f0981e9fc0d54d5dc430386823e4d7,Stanislav Bushuev,2022-05-02 12:42:23+00:00,others,skip coverage for TYPE_CHECKING,0
127df57a06ec7b1a8b698206b1bdefc93248de5a,David Lord,2022-05-03 17:56:11+00:00,bugfix,Merge pull request #4560 from qingpeng9802/fix-old-behavior,1
1e5dd430223369d13ea94ffffe22bca53a98e730,Qingpeng Li,2022-04-28 17:49:23+00:00,refactor,refactor error checks in register_error_handler,3
2482cd4f53985436936b13533c1bcd0b09930768,David Lord,2022-05-02 18:11:56+00:00,others,Merge pull request #4578 from marian-vignau/Remove-Tab-directive-on-Contributing.rst,0
9158d3b0b8c282e6d8580b76fb5098002d4ec0d4,Maria Andrea Vignau,2022-05-02 17:58:24+00:00,others,remove tab directive,0
a0aa8de6bc0d6da74707cb4d0c89bfc99e20c98f,David Lord,2022-05-02 16:29:38+00:00,others,Merge pull request #4572 from DailyDreaming/linting,0
8ddbad9ccdc176b9d57a4aff0076c1c58c455318,DailyDreaming,2022-05-02 14:46:09+00:00,bugfix,Fix linting error.,0
f976d5bb88216e921a96998f767df31d7039e4ef,David Lord,2022-04-28 17:48:05+00:00,others,Merge branch '2.1.x',3
50374e3cfe815acd24fd390c861561a0dd17bfbb,David Lord,2022-04-28 17:46:41+00:00,others,Merge pull request #4558 from pallets/release-2.1.2,3
7b28a9057d6925ae408ef73a9f28e9906d9300b3,David Lord,2022-04-28 17:44:02+00:00,others,release version 2.1.2,3
a0bb10b8d299c446559b6f95dd599230edc457ac,David Lord,2022-04-28 16:35:49+00:00,refactor,Merge pull request #4555 from pallets/pytest_raises_cleanup,3
ef6c2b9e4aee74098a1208b42ce432d7c82fc0d3,David Lord,2022-04-28 16:32:31+00:00,others,clean up pytest.raises tests,3
918fc07dd95224f990c2f01ea301e8e581fefc7f,David Lord,2022-04-28 15:59:47+00:00,others,Merge branch '2.1.x',3
ef7d01f0a03be512b22d2a28b5a4229fdc87ea9a,David Lord,2022-04-28 15:59:40+00:00,others,update requirements,3
ff6290d4c75d4d295a0ba28f2f0c417f7374eb0c,David Lord,2022-04-25 16:03:29+00:00,others,Merge pull request #4551 from bbayles/patch-1,0
3fd24c1f6fa2b3a5b68fb87b0fc3453a352340e5,Bo Bayles,2022-04-25 15:28:36+00:00,bugfix,Fix copy/paste error in wsgi-standalone.rst,0
2b0b77cc1acb7381e990b17c881cb426c9ac75f5,David Lord,2022-04-24 17:20:07+00:00,others,Merge branch '2.1.x',6
c395b13f9e9a691c6b23c68d5687ff052b7ada7e,David Lord,2022-04-24 17:19:58+00:00,others,update requirements,6
cb4f7425435c39a85c3ed17e395677597d9aaf31,David Lord,2022-04-24 17:14:53+00:00,others,Merge branch '2.1.x',6
2ec11930951d91dfa9cf02ad80a7da33b9b919b6,David Lord,2022-04-24 17:07:31+00:00,others,Merge pull request #4544 from bebleo/mark_run_cert_option_eager,6
5050a18a0057df4cda6f6b00483d12d29cb59239,James Warne,2022-04-18 12:52:01+00:00,others,evaluate --cert before --key,0
dba2be9311d2abfd1b973c6bb578f416ee771fda,David Lord,2022-04-24 16:58:01+00:00,others,Merge pull request #4534 from rzimmerdev/main,6
eede1a3685e21deaeb6686e9de9b76a73b6a510c,Rafael Zimmer,2022-04-12 16:17:24+00:00,bugfix,fix annotation for json.loads,1
69f71b4d94006678a2463f76a4504208d195c367,David Lord,2022-04-24 16:50:55+00:00,others,start version 2.1.2,6
2b8b47817a981b97a233420b5214f6ff9e771c35,David Lord,2022-04-13 17:03:22+00:00,others,Merge pull request #4537 from MeViMo/2.1.x,2
4dd14ed039aaab5edb50758edeaf0aacab3d1e5b,MeViMo,2022-04-13 16:49:51+00:00,others,Syntax error in testing.rst,2
411dbb37e2e37943b6282365049c2a8cee4ac9e6,David Lord,2022-04-11 13:11:37+00:00,others,remove old test,0
a03719b01076a5bfdc2c8f4024eda7b874614bc1,David Lord,2022-04-08 18:06:32+00:00,others,Merge branch '2.1.x',4
5334e28f6e107e1b021bc9655e9a308c80826593,David Lord,2022-04-08 18:05:19+00:00,others,Merge pull request #4527 from MeViMo/main,4
19d7a0ef78f1f8a05f7be5f0e8d2192fd1d5e5e8,MeViMo,2022-04-08 16:29:42+00:00,docs,docs pass cli args as kwarg to test runner,4
5c0b9a6af334dcbb2814f4e004be2b2c8a389363,David Lord,2022-04-08 18:02:45+00:00,bugfix,Merge pull request #4526 from lbm98/docfix,4
e3c014f9aa566c83efd482ce1cd0e5e25cdb6cf2,LarsMoons,2022-04-08 15:45:44+00:00,docs,"docs ""Returning API Errors as JSON"" return correct status code",4
b9729a08796eebc57ed658c9c05ea8b6374fc2c2,David Lord,2022-04-08 17:56:25+00:00,others,Merge pull request #4518 from pallets/pre-commit-ci-update-config,4
56414782ca6c109f4c7c9d26418bf444468316db,David Lord,2022-04-08 17:53:28+00:00,others,pre-commit update branch,4
50bf3bba7354275bbfe3f8a4fc9ce1fec3b71404,pre-commit-ci[bot],2022-04-04 20:25:57+00:00,others,[pre-commit.ci] pre-commit autoupdate,0
f59574f61198f139616868393db8785bcf9e0fdf,David Lord,2022-04-01 20:55:05+00:00,others,Merge branch '2.1.x',4
0d4e71bfe127707ce8a3ede976a637db1cee74b0,David Lord,2022-04-01 20:54:39+00:00,others,Merge pull request #4517 from pallets/update-requirements,4
26555a85f188e5557897b08c8421706084843088,David Lord,2022-04-01 20:44:13+00:00,others,update requirements,4
f70abe634a7a058ce35b11893002a97085515b6f,David Lord,2022-04-01 16:08:47+00:00,others,Merge pull request #4515 from pallets/dependabot/github_actions/actions/checkout-3,4
9f4f559f5946306b190a0195baf2700851a9eb36,dependabot[bot],2022-04-01 16:04:08+00:00,others,Bump actions/checkout from 2 to 3,4
45fc77d9266cd8101b2ab1e0487053db27b57ec2,David Lord,2022-03-30 21:39:31+00:00,others,Merge branch '2.1.x',2
188bd17ff1f3e1d9c9ddd015c8765280e95ffb83,David Lord,2022-03-30 21:37:30+00:00,others,Merge pull request #4511 from pallets/release-2.1.1,2
c6f297719e43380011e76ad6d070b7a27d4d1dce,David Lord,2022-03-30 21:35:07+00:00,others,release version 2.1.1,2
a8f4ee1b66cfede1e596aef089850fad073e1775,David Lord,2022-03-30 21:33:50+00:00,others,Merge pull request #4510 from pallets/release-2.1.1,2
c419931f555c80b07b518944fc7004f6cb75b8e1,David Lord,2022-03-30 21:28:18+00:00,others,release version 2.1.1,2
c3d0880e72dfda76734bfddadf20cfee94b148c2,David Lord,2022-03-30 21:23:02+00:00,others,Merge pull request #4509 from pallets/importlib_metadata-min-version,2
d023d943715f193e78413280e10d101f39501748,David Lord,2022-03-30 21:10:12+00:00,others,set importlib_metadata minimum version,2
5589915b383a6f53e92f3822c982cce3c4083456,David Lord,2022-03-30 21:01:10+00:00,others,start version 2.1.1,2
b109b092a95036de875246f05cdc377a2c7faab8,David Lord,2022-03-28 19:17:25+00:00,others,start version 2.2.0,0
65b0eef303dfec6b7baa66ff34253e0285e1c3bf,David Lord,2022-03-28 19:12:02+00:00,others,Merge pull request #4500 from pallets/release-2.1.0,0
7d264d7dc5b3e057319d43ef0897709f4c78f1ef,David Lord,2022-03-28 18:05:58+00:00,others,release version 2.1.0,0
f5ed54b0318815e4500e72a56173c3b14a532a41,David Lord,2022-03-28 19:09:20+00:00,others,ignore examples tests,0
cd4ab005a92ff996e9104c92017fe1e6daeccd46,David Lord,2022-03-28 18:39:24+00:00,bugfix,fix typing,0
41aaaf7fa07f28ef15fd1d343142e96440889a8b,David Lord,2022-03-25 19:24:31+00:00,bugfix,clean up unused function from prefixed_env pr,4
2f5a2ab82ee17f5e14b8ecf0a4b3b07ceafeee98,David Lord,2022-03-25 19:14:29+00:00,others,Merge pull request #4479 from pgjones/env_config,4
e75d575361841404e0b1f89c19dc7de6b325cc67,David Lord,2022-03-25 19:05:07+00:00,others,windows env vars are uppercase,4
4eb5e9455b2a8f15f3dc5065a47f8e43ac47e539,David Lord,2022-03-25 18:00:32+00:00,bugfix,more from_prefixed_env features,4
08a283af5efc999d4f1e29275317a5c0c05c6f7b,pgjones,2022-03-08 21:40:48+00:00,others,Allow loading of environment variables into the config,1
425a62686f094de236a5a9eb1d6885de4730efa5,David Lord,2022-03-25 18:53:03+00:00,others,Merge pull request #4496 from pallets/werkzeug-relative-redirect,4
81c7ff7f8db09b5d609a09722785f70ec6f7af68,David Lord,2022-03-25 18:48:26+00:00,others,update tests for relative redirects,4
ce7b884b73621b59ba184aa89b67d5c5780f50eb,David Lord,2022-03-23 16:18:20+00:00,bugfix,Merge pull request #4492 from pallets/debug-messages,2
6578b493c8c8d5d9b4135cb964dbbc43318cfb12,David Lord,2022-03-23 15:26:46+00:00,others,better override for json BadRequest error,2
0a300d007d3a5ef902e0b3c91f6189267fbed182,David Lord,2022-03-23 15:25:58+00:00,others,better replacement of original form KeyError,2
c9a1f7ad6545c9cc27c41c385f1d4cd9c7cf1a98,David Lord,2022-03-23 15:25:22+00:00,others,don't intercept 307/308 routing redirects,2
598afa0083add33a088c58183924a370be6635d5,David Lord,2022-03-22 13:46:52+00:00,others,Merge pull request #4491 from octopoulpe/patch-1,1
d80f41f57dbae28c784fde0fc829807cc2ab4a76,octopoulpe,2022-03-22 09:29:00+00:00,others,Update errorhandling.rst,1
7abcf57f544e3bd29c4f22a10907f976f7e056ea,David Lord,2022-03-15 15:48:47+00:00,others,Merge pull request #4488 from pallets/typing-context-exit,1
faaa5594b2406260c3e4197fa6e80c3d19b6ab23,David Lord,2022-03-15 15:44:09+00:00,others,accurate type for __exit__,1
cb7cd1e79b280d3fd80978ca82ae52881525a476,David Lord,2022-03-15 15:36:16+00:00,others,Merge pull request #4487 from pallets/typing-errorhandler,1
190dd4df86874495f56bb088fbd0cb1d9f0e77a0,David Lord,2022-03-15 14:36:21+00:00,others,don't use AnyStr for ResponseValue type,1
88863288225d5ee13a79c463f2a39391b6a52c61,David Lord,2022-03-15 14:35:59+00:00,others,relax errorhandler function arg type,1
0ef1e65f6ab0da680d171d49e1a56a2b0ecee05d,David Lord,2022-03-15 13:38:35+00:00,others,Merge pull request #4486 from uedvt359/pr-deletecookie,1
b707bf443afe856b77e09b7a41592f10d46e02df,uedvt359,2022-03-15 09:22:38+00:00,others,Preserve HttpOnly flag when deleting session cookie,1
b655a9db30d8e78d2fe1044d6301a432f214a16b,David Lord,2022-03-08 14:50:25+00:00,others,Merge pull request #4477 from tusharsadhwani/decorator-types,1
af34b8c9e7adbf0b060738fee12f04c1e46a98fd,Tushar Sadhwani,2022-03-08 14:43:30+00:00,feature,Add better types for app decorators,1
8122973f8a04976bd7f9104eee5d8d36c0d02038,David Lord,2022-03-01 16:49:14+00:00,others,Merge pull request #4473 from pallets/dependabot/github_actions/actions/setup-python-3,1
7dc26a1f4188f6cb410fb1335cc933cc8f3c9943,dependabot[bot],2022-03-01 16:04:16+00:00,others,Bump actions/setup-python from 2 to 3,1
4843590c4a7f2225fd18bd10963139a6f29a2a59,David Lord,2022-02-23 03:13:29+00:00,others,Merge pull request #4461 from pallets/cli-lazy-context,2
aa13521d42bfdb66bb0d89005cbe54a84eaa4fda,David Lord,2022-02-23 03:04:03+00:00,others,lazy loading preserves click context,2
3897a518014931a82c77a353e1e9c2248529b856,David Lord,2022-02-19 15:12:40+00:00,others,Merge pull request #4454 from colincadams/patch-3,5
642ca6ea687d8631eac8dce9e060e41d2738ca48,David Lord,2022-02-18 00:26:16+00:00,others,Merge branch '2.0.x',4
ad13dbc826a23d3ce53e50944a15b1e2bc168abd,David Lord,2022-02-18 00:26:06+00:00,others,pin setuptools for reorder_python_imports,4
6f79cb8a23467aa01f94f6ad53790f468ba77c76,Colin Adams,2022-02-17 05:12:01+00:00,bugfix,Fix typing on `app.session_interface`,3
b6a8ccd2cf65939401fe4ccb6b550d2b19423b06,David Lord,2022-02-14 20:06:57+00:00,others,Merge branch '2.0.x',0
ef557b3ff2602b9956a2f3ac02c6e134c529fccc,David Lord,2022-02-14 19:46:23+00:00,others,Merge pull request #4449 from pallets/release-2.0.3,0
702d973b1f55326526d764e3668900383ad8f4ef,David Lord,2022-02-14 19:34:37+00:00,others,release version 2.0.3,0
c15f74cea6ff2ab09881fea4118709ecda11972c,David Lord,2022-02-13 22:09:07+00:00,docs,Merge pull request #4448 from pallets/testing-docs,6
761d7e165244709221888827cec764d8f3a3d21a,David Lord,2022-02-13 21:57:33+00:00,docs,rewrite testing docs,6
48ee204dd5bdc47f397553fb45b5fe37003c07d1,David Lord,2022-02-09 20:53:19+00:00,feature,Merge pull request #4189 from mgu/feat/use-exclude-patterns-reloader,2
beae1249f7e580779ae18d2d831f7ec51e5aff98,Mickaël Guérin,2021-07-06 11:32:45+00:00,feature,add `exclude-patterns` option to `flask run`,1
e06dad62f6b49dff935f241114b3590774e2786a,David Lord,2022-02-09 19:39:48+00:00,others,Merge pull request #4445 from pallets/override-redirect,2
1be65b1b699b0512e3b38e3e05d42d083cfd12f1,David Lord,2022-02-09 19:13:03+00:00,others,overriding FlaskClient.open works with redirects,2
7c5f17a55e8cd233db17f4944a482cc497a6e7c6,David Lord,2022-02-09 15:39:33+00:00,others,update requirements,2
e37e87140e29b4ae5bc4024bd0305541e0ed9457,David Lord,2022-02-09 15:37:43+00:00,others,Merge branch '2.0.x',2
d6496c8e290adfded887e72083817de2693cdbe2,David Lord,2022-02-08 20:36:55+00:00,others,Merge pull request #4443 from pallets/update-requirements,1
1fd86547193a1ed39bb0cabb927fc1a719ce3009,David Lord,2022-02-08 20:09:22+00:00,others,"stop using dependabot for python, too noisy",1
925674761e9893dae96d8c2ff226a4cf47a21ba8,David Lord,2022-02-08 20:08:19+00:00,others,cache pip with setup-python action,1
426a1e25b77e760b4f54bf94aee3e3617850569f,David Lord,2022-02-08 20:05:17+00:00,bugfix,fix pytest 7 warnings,1
6f7d99ce4b7dc2bad52683e64fec7008dd0b580f,David Lord,2022-02-08 20:05:05+00:00,others,use pip-compile-multi for requirements,1
bc094dbe6a15eebec6d1704fb16c6c74d0250b0e,David Lord,2022-02-08 18:27:11+00:00,others,Merge pull request #4432 from sfermigier/main,1
694eb84f414436fc88f2ef757aea8ed8360500f3,David Lord,2022-02-08 18:26:21+00:00,others,reword changelog for importlib.resources,1
17c46b2ddd8b5111369cdc68d5e0e46e9aa46ade,David Lord,2022-02-08 18:24:57+00:00,others,Merge pull request #4420 from K900/main,1
528db86f8555a8404bf2db72fa4275449a3cd6b4,David Lord,2022-02-08 15:39:59+00:00,others,Merge pull request #4442 from pallets/pre-commit-ci-update-config,1
436c7afc83845ce18d2a8e1bda8f4f48917584a2,pre-commit-ci[bot],2022-02-07 21:19:46+00:00,others,[pre-commit.ci] pre-commit autoupdate,0
9a134da31bafc12d31f75474a4b354c80545b9b5,Stefane Fermigier,2022-01-27 10:43:42+00:00,others,Match typing declaration with implementation.,3
751d85f3de3f726446bb12e4ddfae885a6645ba1,K900,2022-01-17 16:11:24+00:00,others,cli: use importlib.metadata instead of pkg_resources,0
fdac8a5404e3e3a316568107a293f134707c75bb,David Lord,2022-01-14 17:38:02+00:00,others,Merge pull request #4417 from pallets/remove-as_tuple,4
aab064fee164aa9f0ee35ba3065b031655888ce5,David Lord,2022-01-14 17:34:07+00:00,others,remove deprecated as_tuple parameter from test_client,4
de4b2807d3269e780b77e73e05dfa27121994f40,David Lord,2022-01-14 16:34:55+00:00,others,Merge pull request #4397 from cameronthecoder/main,4
08ad8aabfea88c1c3367c1c1ba6b97aa40faf18c,Cameron Dahl,2021-12-31 05:08:49+00:00,others,Remove X-XSS-Protection suggestion,4
981a94df68b3e35c2541a8ba19c361e88299e3ee,David Lord,2022-01-14 16:29:30+00:00,others,Merge pull request #4412 from otherJL0/main,4
afe77feef351c2752bb9d4a93b65e11215633e06,otherJL0,2022-01-11 12:59:08+00:00,feature,Adding Fish commands to docs,1
d03df1fff396052d55bedbfc10cbe41a98caad14,David Lord,2022-01-13 22:43:23+00:00,others,Merge branch '2.0.x',3
66f2ac669610accd76395a98b623a21b1f15a9c8,David Lord,2022-01-13 22:42:36+00:00,others,update tool config,3
e103747c544494d67aad64ec2da668d2d69493c3,David Lord,2022-01-13 19:10:12+00:00,others,Merge branch '2.0.x',3
a025ee3f25044145a38e650aaf097f32bc5b2e83,David Lord,2022-01-13 19:10:06+00:00,others,update requirements,3
